22c0effd-9e48-d043-9bdb-7b0b271f5306,,2021-01-16 16:07:54,2021-01-16 16:07:54,"['"Consumer'"]",499ad3c2-97d2-441f-8d00-77acc2139c70,499ad3c2-97d2-441f-8d00-77acc2139c70,7eaae73f-b7f4-4c36-9725-9a3e0437193a,"['"Short Term'"]","['"'"]"
e2cd9aea-00da-1b4d-8157-10fb8928ed41,,2021-01-16 16:08:08,2021-01-16 16:08:08,"['"Consumer'"]",499ad3c2-97d2-441f-8d00-77acc2139c70,499ad3c2-97d2-441f-8d00-77acc2139c70,fe954c6e-d7de-446c-8313-5b0970d8cfab,"['"Short Term'"]","['"'"]"
29c10228-6a21-5044-8bd8-91b6a06523dd,,2021-01-16 16:08:11,2021-01-16 16:08:11,"['"Business'"]",499ad3c2-97d2-441f-8d00-77acc2139c70,499ad3c2-97d2-441f-8d00-77acc2139c70,62cbf1ea-7e95-4683-a564-57f10804ad3b,"['"'"]","['"Business'"]"
093fa737-6652-6d47-842f-fd5cada3e086,,2021-01-16 16:07:47,2021-01-16 16:07:47,"['"Business'"]",499ad3c2-97d2-441f-8d00-77acc2139c70,499ad3c2-97d2-441f-8d00-77acc2139c70,8743e220-e74b-41f0-aac2-e8d4e070063c,"['"'"]","['"Agricultural'"]"
a2940d8a-6310-c142-a39a-2977f4cfb5fb,,2021-01-16 16:07:49,2021-01-16 16:07:49,"['"Business'"]",499ad3c2-97d2-441f-8d00-77acc2139c70,499ad3c2-97d2-441f-8d00-77acc2139c70,1404309a-32a3-4404-9a0f-f9a80d42f74f,"['"'"]","['"Business'", '"Invoice Trading'"]"
7b76f5cc-2129-544f-8e2e-ffcf6874decf,,2021-01-16 16:07:51,2021-01-16 16:07:51,"['"Consumer'", '"Business'"]",499ad3c2-97d2-441f-8d00-77acc2139c70,499ad3c2-97d2-441f-8d00-77acc2139c70,e8c180b9-3bb1-430a-a6f0-dc83d025c702,"['"Mortgage'"]","['"Mortgage'"]"
89c3d1f4-2728-284b-90f2-d1ca90f7016a,,2021-01-16 16:07:52,2021-01-16 16:07:52,"['"Consumer'"]",499ad3c2-97d2-441f-8d00-77acc2139c70,499ad3c2-97d2-441f-8d00-77acc2139c70,5fb05225-b1ca-44ae-a8fa-3baf57721624,"['"Vehicle'"]","['"'"]"
5b5b2dc7-e05f-074f-a080-88088675bc82,,2021-01-16 16:07:52,2021-01-16 16:07:52,"['"Business'"]",499ad3c2-97d2-441f-8d00-77acc2139c70,499ad3c2-97d2-441f-8d00-77acc2139c70,affb14bb-1351-482c-88e3-6cff131ed764,"['"'"]","['"Business'"]"
a517efc3-18f9-9a48-a1be-7cd21e23e26a,,2021-01-16 16:07:53,2021-01-16 16:07:53,"['"Consumer'"]",499ad3c2-97d2-441f-8d00-77acc2139c70,499ad3c2-97d2-441f-8d00-77acc2139c70,6e78583a-d106-4e21-8bd6-2be0b308d747,"['"Short Term'"]","['"'"]"
5a343835-de6d-174e-883a-0841a5674e96,,2021-01-16 16:07:58,2021-01-16 16:07:58,"['"Business'"]",499ad3c2-97d2-441f-8d00-77acc2139c70,499ad3c2-97d2-441f-8d00-77acc2139c70,39eda363-84e0-4ee6-bc96-b1cf7cc87901,"['"'"]","['"Invoice Trading'"]"
4b0dfe2b-b6a2-134b-acb2-26e7401fa825,,2021-01-16 16:07:58,2021-01-16 16:07:58,"['"Business'"]",499ad3c2-97d2-441f-8d00-77acc2139c70,499ad3c2-97d2-441f-8d00-77acc2139c70,752ac19d-e28c-4d54-bb96-0669cb0634e0,"['"'"]","['"Invoice Trading'"]"
54658f0d-8372-fb45-b92a-34f7dca3ba5f,,2021-01-16 16:08:01,2021-01-16 16:08:01,"['"Consumer'"]",499ad3c2-97d2-441f-8d00-77acc2139c70,499ad3c2-97d2-441f-8d00-77acc2139c70,efc9d8bb-0be6-41fd-88be-8d689e3694f0,"['"Short Term'"]","['"'"]"
d606b7ea-42ef-c144-a35d-e42f6aece166,,2021-01-16 16:08:06,2021-01-16 16:08:06,"['"Business'"]",499ad3c2-97d2-441f-8d00-77acc2139c70,499ad3c2-97d2-441f-8d00-77acc2139c70,c49eb6f9-a460-4669-b14b-b2c0e01edd18,"['"'"]","['"Real Estate'"]"
d8ca017b-f847-d345-8c88-69abf9bfd5f4,,2021-01-16 16:08:09,2021-01-16 16:08:09,"['"Business'"]",499ad3c2-97d2-441f-8d00-77acc2139c70,499ad3c2-97d2-441f-8d00-77acc2139c70,3c6d6c76-f350-48ab-93c1-92aa853e1e52,"['"'"]","['"Business'", '"Invoice Trading'"]"
d0693cf8-262f-7b41-a86b-01e81aba91a6,,2021-01-16 16:08:10,2021-01-16 16:08:10,"['"Business'"]",499ad3c2-97d2-441f-8d00-77acc2139c70,499ad3c2-97d2-441f-8d00-77acc2139c70,41644c33-8d6a-459f-9d72-a52ab301e7a9,"['"'"]","['"Business'"]"
d35852fc-6fcb-9a4b-b1bd-78e12b932f08,,2021-01-16 16:08:11,2021-01-16 16:08:11,"['"Business'"]",499ad3c2-97d2-441f-8d00-77acc2139c70,499ad3c2-97d2-441f-8d00-77acc2139c70,5eba223f-9f5e-4ee5-bb39-f4307492d3c8,"['"'"]","['"Business'"]"
1ecb8ee6-97c6-5a40-a3a7-db1a7a0c65d6,,2021-01-16 16:08:11,2021-01-16 16:08:11,"['"Business'"]",499ad3c2-97d2-441f-8d00-77acc2139c70,499ad3c2-97d2-441f-8d00-77acc2139c70,ea2433b2-f3ce-4459-86ac-64a3c79fa6e4,"['"'"]","['"Business'"]"
3ed67e9a-9de9-1349-9075-50b809cd627c,,2021-01-16 16:08:12,2021-01-16 16:08:12,"['"Business'"]",499ad3c2-97d2-441f-8d00-77acc2139c70,499ad3c2-97d2-441f-8d00-77acc2139c70,c666a9c6-e6d0-41e4-9707-9bd55bc7a047,"['"'"]","['"Business'"]"
b284e562-aa6a-9f42-ab8a-5d55abc1d53b,,2021-01-16 16:08:12,2021-01-16 16:08:12,"['"Business'"]",499ad3c2-97d2-441f-8d00-77acc2139c70,499ad3c2-97d2-441f-8d00-77acc2139c70,96a77fd2-2ef9-465e-8ecc-44afaae34573,"['"'"]","['"Real Estate'"]"
6c9c79c7-132b-b345-b2e1-1b6e622b16c0,,2021-01-16 16:08:13,2021-01-16 16:08:13,"['"Business'"]",499ad3c2-97d2-441f-8d00-77acc2139c70,499ad3c2-97d2-441f-8d00-77acc2139c70,26576106-7569-484b-aee5-a87d36137ffd,"['"'"]","['"Real Estate'"]"
855dae64-3f89-9e49-911e-a22bd2abe951,,2021-01-16 16:07:48,2021-01-16 16:07:48,"['"Consumer'"]",499ad3c2-97d2-441f-8d00-77acc2139c70,499ad3c2-97d2-441f-8d00-77acc2139c70,669eae9d-86fd-4a70-b343-0128f4c40401,"['"Short Term'"]","['"'"]"
eb18e75a-aae1-c74f-90a1-3237a39a7c93,,2021-01-16 16:07:51,2021-01-16 16:07:51,"['"Consumer'", '"Business'"]",499ad3c2-97d2-441f-8d00-77acc2139c70,499ad3c2-97d2-441f-8d00-77acc2139c70,44c0949d-486d-44b5-b77c-f26bc2454f4a,"['"Mortgage'"]","['"Mortgage'"]"
a7ea03e9-49de-864c-a1b0-364cf3ae9e5f,,2021-01-16 16:07:56,2021-01-16 16:07:56,"['"Consumer'"]",499ad3c2-97d2-441f-8d00-77acc2139c70,499ad3c2-97d2-441f-8d00-77acc2139c70,f32b0ae6-c3d1-44c1-a594-963cb79742fc,"['"Personal'", '"Short Term'"]","['"'"]"
63b1b4d5-9974-5944-ae29-a4e4ce82064d,,2021-01-16 16:07:58,2021-01-16 16:07:58,"['"Consumer'"]",499ad3c2-97d2-441f-8d00-77acc2139c70,499ad3c2-97d2-441f-8d00-77acc2139c70,f650419f-d32a-4b57-a1a4-ac577dc9795f,"['"Personal'", '"Mortgage'"]","['"'"]"
3bf4bfac-1ee1-8540-9ad9-6820322fcdad,,2021-01-16 16:08:01,2021-01-16 16:08:01,"['"Consumer'"]",499ad3c2-97d2-441f-8d00-77acc2139c70,499ad3c2-97d2-441f-8d00-77acc2139c70,10c97f36-2432-4e21-9047-c86b421e8a26,"['"Short Term'"]","['"'"]"
204fc567-0ac8-a249-bfc9-8aa99e227155,,2021-01-16 16:08:03,2021-01-16 16:08:03,"['"Consumer'"]",499ad3c2-97d2-441f-8d00-77acc2139c70,499ad3c2-97d2-441f-8d00-77acc2139c70,e3efac8b-6207-408b-bc28-b152221d0077,"['"Short Term'"]","['"'"]"
2f1324d4-fac7-6c45-855f-a761103c4e08,,2021-01-16 16:07:47,2021-01-16 16:07:47,"['"Consumer'"]",499ad3c2-97d2-441f-8d00-77acc2139c70,499ad3c2-97d2-441f-8d00-77acc2139c70,66ea863c-6b25-4c84-9ab9-417f185651cc,"['"Short Term'", '"Pawnbroking'", '"Personal'"]","['"'"]"
2e74c96b-8d10-2b49-a96e-8d02834d9716,,2021-01-16 16:07:50,2021-01-16 16:07:50,"['"Consumer'"]",499ad3c2-97d2-441f-8d00-77acc2139c70,499ad3c2-97d2-441f-8d00-77acc2139c70,e8fd52bb-7f66-47e7-90ef-36ef94654e67,"['"Mortgage'"]","['"'"]"
346d9fcc-d6e7-ab41-8f18-9b3fb38e1b7a,,2021-01-16 16:07:50,2021-01-16 16:07:50,"['"Consumer'"]",499ad3c2-97d2-441f-8d00-77acc2139c70,499ad3c2-97d2-441f-8d00-77acc2139c70,5e1fa71d-3097-4257-b670-b0616df7de5b,"['"Vehicle'", '"Personal'"]","['"'"]"
c3fee33e-a9c9-0941-a347-873a53985d4f,,2021-01-16 16:07:50,2021-01-16 16:07:50,"['"Consumer'", '"Business'"]",499ad3c2-97d2-441f-8d00-77acc2139c70,499ad3c2-97d2-441f-8d00-77acc2139c70,381cdbe3-e0b9-4925-850c-1d00291c8091,"['"Mortgage'"]","['"Mortgage'"]"
2b4f77ad-eee8-be41-b32e-cda80e06c1a2,,2021-01-16 16:07:52,2021-01-16 16:07:52,"['"Consumer'", '"Business'"]",499ad3c2-97d2-441f-8d00-77acc2139c70,499ad3c2-97d2-441f-8d00-77acc2139c70,51eb7367-bfaa-4c32-ba0e-8520f095a902,"['"Personal'", '"Mortgage'"]","['"Real Estate'", '"Agricultural'", '"Mortgage'"]"
c1d1e8e4-cff7-2042-84e4-1d6f21403d97,,2021-01-16 16:07:53,2021-01-16 16:07:53,"['"Consumer'"]",499ad3c2-97d2-441f-8d00-77acc2139c70,499ad3c2-97d2-441f-8d00-77acc2139c70,0279f5d3-7141-4225-bf4a-4d0c4eeef646,"['"Short Term'"]","['"'"]"
b62510b8-4ba1-8a40-915b-297af546f6bb,,2021-01-16 16:07:54,2021-01-16 16:07:54,"['"Consumer'"]",499ad3c2-97d2-441f-8d00-77acc2139c70,499ad3c2-97d2-441f-8d00-77acc2139c70,0c21efbd-e80d-4088-a717-1984f6c8611a,"['"Personal'"]","['"'"]"
8f5dcd25-27ce-6049-9519-89373bbf76f0,,2021-01-16 16:07:55,2021-01-16 16:07:55,"['"Consumer'"]",499ad3c2-97d2-441f-8d00-77acc2139c70,499ad3c2-97d2-441f-8d00-77acc2139c70,f5d6e4b5-1b2c-458e-a9ec-e0a1b1557c5e,"['"Personal'", '"Short Term'"]","['"'"]"
4e06a221-c568-2442-81ff-15dd326ea08c,,2021-01-16 16:07:55,2021-01-16 16:07:55,"['"Consumer'"]",499ad3c2-97d2-441f-8d00-77acc2139c70,499ad3c2-97d2-441f-8d00-77acc2139c70,c942b818-5673-40a5-8759-becaca495563,"['"Personal'"]","['"'"]"
f7e7e6a6-2577-6848-a17d-cc2fc33ab772,,2021-01-16 16:07:55,2021-01-16 16:07:55,"['"Consumer'"]",499ad3c2-97d2-441f-8d00-77acc2139c70,499ad3c2-97d2-441f-8d00-77acc2139c70,b8558ffe-4872-4701-9544-10271f275681,"['"Short Term'"]","['"'"]"
e48d6cf2-687e-5743-9a70-284772afdaef,,2021-01-16 16:07:56,2021-01-16 16:07:56,"['"Consumer'"]",499ad3c2-97d2-441f-8d00-77acc2139c70,499ad3c2-97d2-441f-8d00-77acc2139c70,a8926d4c-34eb-4777-839b-dbd63ee16a8a,"['"Personal'", '"Short Term'"]","['"'"]"
3d05e48c-c1b5-6d48-84f1-b07ef72243bf,,2021-01-16 16:07:56,2021-01-16 16:07:56,"['"Consumer'"]",499ad3c2-97d2-441f-8d00-77acc2139c70,499ad3c2-97d2-441f-8d00-77acc2139c70,749203b9-19fd-4fee-aad6-6ce41b13dd8f,"['"Personal'"]","['"'"]"
7e5b5b0d-a9f5-4b44-905b-ecf778c525b4,,2021-01-16 16:07:57,2021-01-16 16:07:57,"['"Consumer'"]",499ad3c2-97d2-441f-8d00-77acc2139c70,499ad3c2-97d2-441f-8d00-77acc2139c70,0dc3e652-8cf6-47b9-820c-02dd005be03a,"['"Short Term'", '"Personal'"]","['"'"]"
f2e32659-c384-6249-9d8c-f4a2b01d4897,,2021-01-16 16:07:57,2021-01-16 16:07:57,"['"Consumer'"]",499ad3c2-97d2-441f-8d00-77acc2139c70,499ad3c2-97d2-441f-8d00-77acc2139c70,9907ce02-b269-45de-a238-9524cca5637f,"['"Short Term'"]","['"'"]"
5b10beeb-94c5-1f4d-9a19-b875238fd5b8,,2021-01-16 16:07:59,2021-01-16 16:07:59,"['"Consumer'"]",499ad3c2-97d2-441f-8d00-77acc2139c70,499ad3c2-97d2-441f-8d00-77acc2139c70,9e6e674c-f568-472d-a739-546d8ed7a5ae,"['"Personal'"]","['"'"]"
8bff51d2-5911-d440-9021-71ca31cd72ea,,2021-01-16 16:07:59,2021-01-16 16:07:59,"['"Consumer'"]",499ad3c2-97d2-441f-8d00-77acc2139c70,499ad3c2-97d2-441f-8d00-77acc2139c70,c7c0062f-d123-4457-9d6b-c5f63aa4b9ad,"['"Personal'"]","['"'"]"
49145d3b-5b39-e24c-941f-31ec2971fe29,,2021-01-16 16:08:00,2021-01-16 16:08:00,"['"Consumer'"]",499ad3c2-97d2-441f-8d00-77acc2139c70,499ad3c2-97d2-441f-8d00-77acc2139c70,af0c2264-a649-48b5-b449-3bd78b48d81a,"['"Vehicle'"]","['"'"]"
ff469d26-d6f7-f549-9131-17cec4f4e31f,,2021-01-16 16:08:00,2021-01-16 16:08:00,"['"Consumer'", '"Business'"]",499ad3c2-97d2-441f-8d00-77acc2139c70,499ad3c2-97d2-441f-8d00-77acc2139c70,0759df50-105a-440a-ae63-6a3b14c73fd2,"['"Short Term'", '"Personal'"]","['"Business'", '"Real Estate'"]"
267cdf80-f4fa-b447-966d-7b8a0efc0e5a,,2021-01-16 16:08:02,2021-01-16 16:08:02,"['"Consumer'"]",499ad3c2-97d2-441f-8d00-77acc2139c70,499ad3c2-97d2-441f-8d00-77acc2139c70,a4b2d3d2-f58a-4807-a15c-5e267b1842bc,"['"Short Term'"]","['"'"]"
4c32cec0-8205-8043-a65e-3ea47b47115e,,2021-01-16 16:08:02,2021-01-16 16:08:02,"['"Consumer'"]",499ad3c2-97d2-441f-8d00-77acc2139c70,499ad3c2-97d2-441f-8d00-77acc2139c70,1b51ce11-5706-4e51-a8a2-edb3b0c873d5,"['"Short Term'"]","['"'"]"
bd358b73-e967-4f4f-b255-d6f06627d35f,,2021-01-16 16:08:04,2021-01-16 16:08:04,"['"Consumer'"]",499ad3c2-97d2-441f-8d00-77acc2139c70,499ad3c2-97d2-441f-8d00-77acc2139c70,945f7686-6fb1-4b3e-a4fd-1cebf2636afc,"['"Short Term'"]","['"'"]"
26aae5dc-0d11-9848-97cb-e590f69b591b,,2021-01-16 16:08:07,2021-01-16 16:08:07,"['"Consumer'"]",499ad3c2-97d2-441f-8d00-77acc2139c70,499ad3c2-97d2-441f-8d00-77acc2139c70,33dd7bf5-0e5f-40a7-9fae-f75bd8e8a850,"['"Short Term'"]","['"'"]"
69d3079d-d13d-8546-8bef-826422add6aa,,2021-01-16 16:08:22,2021-01-16 16:08:22,"['"Consumer'", '"Business'"]",499ad3c2-97d2-441f-8d00-77acc2139c70,499ad3c2-97d2-441f-8d00-77acc2139c70,62f8aad6-77f1-4a56-a031-f5265df76a03,"['"Personal'"]","['"Business'"]"
15e85102-dbe9-6342-aefe-a2fe1d0b2afb,,2021-01-16 16:08:25,2021-01-16 16:08:25,"['"Consumer'"]",499ad3c2-97d2-441f-8d00-77acc2139c70,499ad3c2-97d2-441f-8d00-77acc2139c70,6dfcf7c1-38cc-4543-86e3-54f0bddd3744,"['"Personal'"]","['"'"]"
bf609835-811f-6748-bb67-cb043dcc080d,,2021-01-16 16:08:30,2021-01-16 16:08:30,"['"Business'"]",499ad3c2-97d2-441f-8d00-77acc2139c70,499ad3c2-97d2-441f-8d00-77acc2139c70,5ac60406-8142-4893-91f9-1839e1a68dad,"['"'"]","['"Business'"]"
47be2f8d-324c-b646-b393-ffdcb520e03d,,2021-01-16 16:08:13,2021-01-16 16:08:13,"['"Business'"]",499ad3c2-97d2-441f-8d00-77acc2139c70,499ad3c2-97d2-441f-8d00-77acc2139c70,936276ae-32a5-4605-8c67-750bd2becedc,"['"'"]","['"Business'"]"
bbf2d087-7432-e84f-9d1e-adaaede7c931,,2021-01-16 16:08:14,2021-01-16 16:08:14,"['"Business'"]",499ad3c2-97d2-441f-8d00-77acc2139c70,499ad3c2-97d2-441f-8d00-77acc2139c70,987c344f-ef7f-485b-92db-84365063e1c8,"['"'"]","['"Real Estate'"]"
f0e2c97c-ecc7-824b-ab02-3d85038bbd08,,2021-01-16 16:08:14,2021-01-16 16:08:14,"['"Business'"]",499ad3c2-97d2-441f-8d00-77acc2139c70,499ad3c2-97d2-441f-8d00-77acc2139c70,d9d68537-d6fc-4bb3-a737-27a727f9a716,"['"'"]","['"Business'"]"
55baf3e0-9122-8e4f-bdeb-542a2724921f,,2021-01-16 16:08:15,2021-01-16 16:08:15,"['"Business'"]",499ad3c2-97d2-441f-8d00-77acc2139c70,499ad3c2-97d2-441f-8d00-77acc2139c70,95864c14-f0b1-4f0a-b1c2-bc9b6d3512c3,"['"'"]","['"Business'"]"
2576afe0-f35f-2946-be1b-53212d0938a1,,2021-01-16 16:08:15,2021-01-16 16:08:15,"['"Business'"]",499ad3c2-97d2-441f-8d00-77acc2139c70,499ad3c2-97d2-441f-8d00-77acc2139c70,7e040690-9f25-4e77-912b-2d4237f86ed0,"['"'"]","['"Short Term'"]"
cc19a2b9-533b-c142-ba41-9bb1964c2de3,,2021-01-16 16:08:16,2021-01-16 16:08:16,"['"Business'"]",499ad3c2-97d2-441f-8d00-77acc2139c70,499ad3c2-97d2-441f-8d00-77acc2139c70,24ebfee7-09dd-448b-aaa0-016e52474677,"['"'"]","['"Business'"]"
9268f046-f995-0640-afac-8ea82c6d6af3,,2021-01-16 16:08:18,2021-01-16 16:08:18,"['"Business'"]",499ad3c2-97d2-441f-8d00-77acc2139c70,499ad3c2-97d2-441f-8d00-77acc2139c70,e72077f9-0f54-4d19-af05-3e47dfe87587,"['"'"]","['"Real Estate'", '"Mortgage'"]"
0ffd5395-1496-e842-9dcc-a1deae849ec0,,2021-01-16 16:08:20,2021-01-16 16:08:20,"['"Consumer'"]",499ad3c2-97d2-441f-8d00-77acc2139c70,499ad3c2-97d2-441f-8d00-77acc2139c70,dd14013f-ca1e-45c4-b991-cce6899ae760,"['"Short Term'"]","['"'"]"
2816f3cc-4e24-8a46-89c8-f4a95e853c32,,2021-01-16 16:08:23,2021-01-16 16:08:23,"['"Business'"]",499ad3c2-97d2-441f-8d00-77acc2139c70,499ad3c2-97d2-441f-8d00-77acc2139c70,d23c99ea-c882-40a9-abd1-076e9384c8ca,"['"'"]","['"Invoice Trading'"]"
0a032c67-32a8-9a4a-bda6-d16f882f6eb7,,2021-01-16 16:08:26,2021-01-16 16:08:26,"['"Business'"]",499ad3c2-97d2-441f-8d00-77acc2139c70,499ad3c2-97d2-441f-8d00-77acc2139c70,50d7a0e6-aed8-4972-a12d-aeb752b0799c,"['"'"]","['"Real Estate'"]"
043cfc8d-8bf2-c348-a4ac-1ef65a0c921e,,2021-01-16 16:08:33,2021-01-16 16:08:33,"['"Business'"]",499ad3c2-97d2-441f-8d00-77acc2139c70,499ad3c2-97d2-441f-8d00-77acc2139c70,d56b1452-3380-41de-bf15-a6da531e8d83,"['"'"]","['"Real Estate'"]"
328e0a2e-e656-864a-a7fa-ff93666213af,,2021-01-16 16:08:35,2021-01-16 16:08:35,"['"Business'"]",499ad3c2-97d2-441f-8d00-77acc2139c70,499ad3c2-97d2-441f-8d00-77acc2139c70,ea0254ac-0723-4dbe-93a4-302fbbe914b3,"['"'"]","['"Real Estate'"]"
af9074c8-7d3d-414b-a322-92881ec0fa17,,2021-01-16 16:08:36,2021-01-16 16:08:36,"['"Business'"]",499ad3c2-97d2-441f-8d00-77acc2139c70,499ad3c2-97d2-441f-8d00-77acc2139c70,bd3309c6-872e-4dae-8031-1b72a3381556,"['"'"]","['"Business'"]"
b62b3841-7c4f-d94c-b7ea-7a241228efb6,,2021-01-16 16:08:37,2021-01-16 16:08:37,"['"Business'"]",499ad3c2-97d2-441f-8d00-77acc2139c70,499ad3c2-97d2-441f-8d00-77acc2139c70,185e21bc-581e-476f-af9e-923081f710c0,"['"'"]","['"Real Estate'"]"
63ee84e7-6e5d-7b42-adcc-e0f378887516,,2021-01-16 16:08:37,2021-01-16 16:08:37,"['"Business'"]",499ad3c2-97d2-441f-8d00-77acc2139c70,499ad3c2-97d2-441f-8d00-77acc2139c70,c1474de8-658d-46f2-a1fb-b4669c882b32,"['"'"]","['"Business'"]"
ad3984e9-9e3a-3140-b2ae-3324bd179b08,,2021-01-16 16:08:38,2021-01-16 16:08:38,"['"Business'"]",499ad3c2-97d2-441f-8d00-77acc2139c70,499ad3c2-97d2-441f-8d00-77acc2139c70,2ca1b26a-6a6f-49dc-adc9-474ed493922a,"['"'"]","['"Business'"]"
b919fbaf-b926-6445-a00a-63230a3e9de6,,2021-01-16 16:08:17,2021-01-16 16:08:17,"['"Consumer'"]",499ad3c2-97d2-441f-8d00-77acc2139c70,499ad3c2-97d2-441f-8d00-77acc2139c70,5a561fca-4b25-4033-bede-4974fe8894e9,"['"Personal'"]","['"'"]"
54323ec2-7fd8-5843-a87a-3680468b45bc,,2021-01-16 16:08:32,2021-01-16 16:08:32,"['"Consumer'"]",499ad3c2-97d2-441f-8d00-77acc2139c70,499ad3c2-97d2-441f-8d00-77acc2139c70,1a1bb449-e3d9-4e43-9b8e-387e9f88b9a4,"['"Short Term'"]","['"'"]"
9be4a6a9-5b3a-ba4c-9021-64f327bfd5aa,,2021-01-16 16:08:16,2021-01-16 16:08:16,"['"Consumer'"]",499ad3c2-97d2-441f-8d00-77acc2139c70,499ad3c2-97d2-441f-8d00-77acc2139c70,9e164a54-02a7-4863-879a-4c371ab4e91f,"['"Short Term'"]","['"'"]"
92edcc67-0b1a-5a45-b293-4cbb2853fa74,,2021-01-16 16:08:16,2021-01-16 16:08:16,"['"Consumer'"]",499ad3c2-97d2-441f-8d00-77acc2139c70,499ad3c2-97d2-441f-8d00-77acc2139c70,9b96e2ca-177b-4171-926c-8c9b9ea914b6,"['"Short Term'"]","['"'"]"
b13752f4-9843-e742-a01c-1d0d5666e153,,2021-01-16 16:08:17,2021-01-16 16:08:17,"['"Consumer'"]",499ad3c2-97d2-441f-8d00-77acc2139c70,499ad3c2-97d2-441f-8d00-77acc2139c70,6104b50b-2e09-49b0-b2d1-589facc74c8b,"['"Short Term'"]","['"'"]"
a88f64ea-c37f-2f4f-8ea4-8d709ef62da3,,2021-01-16 16:08:17,2021-01-16 16:08:17,"['"Consumer'"]",499ad3c2-97d2-441f-8d00-77acc2139c70,499ad3c2-97d2-441f-8d00-77acc2139c70,a5322840-8ef8-4de2-a271-bc41fa7947a8,"['"Short Term'"]","['"'"]"
6af88050-38ae-2f48-a0e0-25c5e448d5ac,,2021-01-16 16:08:18,2021-01-16 16:08:18,"['"Consumer'"]",499ad3c2-97d2-441f-8d00-77acc2139c70,499ad3c2-97d2-441f-8d00-77acc2139c70,2cc717ad-565f-4450-8ca0-0aad9377f00d,"['"Short Term'"]","['"'"]"
e2d2a35c-4de2-e443-91ce-3667f41447fc,,2021-01-16 16:08:19,2021-01-16 16:08:19,"['"Consumer'"]",499ad3c2-97d2-441f-8d00-77acc2139c70,499ad3c2-97d2-441f-8d00-77acc2139c70,2006dc89-2e99-47ab-86bc-98c96c1be815,"['"Short Term'"]","['"'"]"
4add93ff-158d-614a-aef2-a31db7db5b59,,2021-01-16 16:08:19,2021-01-16 16:08:19,"['"Consumer'"]",499ad3c2-97d2-441f-8d00-77acc2139c70,499ad3c2-97d2-441f-8d00-77acc2139c70,4df8fe18-e6c1-4f3b-a5eb-0273fd03b300,"['"Short Term'"]","['"'"]"
8c84aa60-74d5-2244-a094-7eafbbb1748d,,2021-01-16 16:08:19,2021-01-16 16:08:19,"['"Consumer'", '"Business'"]",499ad3c2-97d2-441f-8d00-77acc2139c70,499ad3c2-97d2-441f-8d00-77acc2139c70,bca83737-ef27-4862-8fc8-1c167f8d2f03,"['"Consolidation'", '"Personal'"]","['"Business'", '"Consolidation'"]"
2445467e-814a-0c44-9ef4-b4017356f570,,2021-01-16 16:08:21,2021-01-16 16:08:21,"['"Consumer'"]",499ad3c2-97d2-441f-8d00-77acc2139c70,499ad3c2-97d2-441f-8d00-77acc2139c70,04191552-37e1-49a3-9a45-c7d8a246bdd6,"['"Short Term'"]","['"'"]"
f514e14a-4644-8a45-8528-8d60261f122b,,2021-01-16 16:08:21,2021-01-16 16:08:21,"['"Consumer'"]",499ad3c2-97d2-441f-8d00-77acc2139c70,499ad3c2-97d2-441f-8d00-77acc2139c70,2d342a3a-6520-4d6d-94cd-9c5454246e49,"['"Short Term'"]","['"'"]"
cd161cc1-6d18-b545-89d4-2839efdf1016,,2021-01-16 16:08:22,2021-01-16 16:08:22,"['"Consumer'"]",499ad3c2-97d2-441f-8d00-77acc2139c70,499ad3c2-97d2-441f-8d00-77acc2139c70,56422af2-cfbb-4c4e-9d65-25135f58ddb7,"['"Short Term'"]","['"'"]"
8cc58273-5919-d94b-84d0-6b41a8b93636,,2021-01-16 16:08:24,2021-01-16 16:08:24,"['"Consumer'"]",499ad3c2-97d2-441f-8d00-77acc2139c70,499ad3c2-97d2-441f-8d00-77acc2139c70,0c33b39a-0134-42d0-a890-5e78f526d369,"['"Short Term'"]","['"'"]"
ac026baf-24c6-1348-b54a-b7a125353ee0,,2021-01-16 16:08:27,2021-01-16 16:08:27,"['"Consumer'"]",499ad3c2-97d2-441f-8d00-77acc2139c70,499ad3c2-97d2-441f-8d00-77acc2139c70,dd1006ac-faaa-45fa-a01a-25991c6489af,"['"Short Term'"]","['"'"]"
f504b49a-bbd7-194e-a7ea-8ffe333cca23,,2021-01-16 16:08:28,2021-01-16 16:08:28,"['"Consumer'"]",499ad3c2-97d2-441f-8d00-77acc2139c70,499ad3c2-97d2-441f-8d00-77acc2139c70,2bc1f51c-c263-4177-abca-a567b68e536e,"['"Short Term'"]","['"'"]"
bdebac81-dcd0-da45-a38f-e8b3916451d4,,2021-01-16 16:08:29,2021-01-16 16:08:29,"['"Consumer'"]",499ad3c2-97d2-441f-8d00-77acc2139c70,499ad3c2-97d2-441f-8d00-77acc2139c70,91f77b07-45f2-47a1-96f5-2fb76f1d3d76,"['"Short Term'", '"Pawnbroking'", '"Vehicle'"]","['"'"]"
91d342a6-bf1c-0348-9ea0-cf765e13f144,,2021-01-16 16:08:31,2021-01-16 16:08:31,"['"Consumer'"]",499ad3c2-97d2-441f-8d00-77acc2139c70,499ad3c2-97d2-441f-8d00-77acc2139c70,418fb5da-3959-4a05-9719-3f36a68a232d,"['"Personal'", '"Short Term'"]","['"'"]"
a780eea0-f981-a14f-9b5d-f33db0811666,,2021-01-16 16:08:31,2021-01-16 16:08:31,"['"Consumer'"]",499ad3c2-97d2-441f-8d00-77acc2139c70,499ad3c2-97d2-441f-8d00-77acc2139c70,272ebf4b-4535-4d88-8cdc-780e3d6044db,"['"Short Term'"]","['"'"]"
2ca30de3-6ecf-eb46-a576-ac2b1d0f1b3b,,2021-01-16 16:08:32,2021-01-16 16:08:32,"['"Consumer'"]",499ad3c2-97d2-441f-8d00-77acc2139c70,499ad3c2-97d2-441f-8d00-77acc2139c70,1d25677b-8183-4ed6-8136-86c8907a5183,"['"Personal'", '"Short Term'"]","['"'"]"
a164c4c6-de61-df42-a510-a07f7083b669,,2021-01-16 16:08:32,2021-01-16 16:08:32,"['"Consumer'"]",499ad3c2-97d2-441f-8d00-77acc2139c70,499ad3c2-97d2-441f-8d00-77acc2139c70,ff1c73df-00a6-42da-afe1-0646420d9869,"['"Short Term'"]","['"'"]"
b13f6d5a-1fa7-6242-aa5a-b7a889b84d48,,2021-01-16 16:08:33,2021-01-16 16:08:33,"['"Consumer'"]",499ad3c2-97d2-441f-8d00-77acc2139c70,499ad3c2-97d2-441f-8d00-77acc2139c70,ee0928d6-504c-425a-bea6-a09bb6ab278b,"['"Short Term'"]","['"'"]"
eebe2076-d649-c24a-91c0-f0a8d7cd1f84,,2021-01-16 16:08:34,2021-01-16 16:08:34,"['"Consumer'"]",499ad3c2-97d2-441f-8d00-77acc2139c70,499ad3c2-97d2-441f-8d00-77acc2139c70,0dd958a4-7f23-4913-9357-53da6aabcab9,"['"Short Term'"]","['"'"]"
b3a62a0f-8208-bf4d-bf1b-257ba8c84aba,,2021-01-16 16:08:34,2021-01-16 16:08:34,"['"Consumer'"]",499ad3c2-97d2-441f-8d00-77acc2139c70,499ad3c2-97d2-441f-8d00-77acc2139c70,981dd799-913f-43cf-a37f-7e467453fb23,"['"Personal'", '"Short Term'"]","['"'"]"
c459a7f1-3f37-2c4c-a105-1573d7ad4d95,,2021-01-16 16:08:34,2021-01-16 16:08:34,"['"Consumer'"]",499ad3c2-97d2-441f-8d00-77acc2139c70,499ad3c2-97d2-441f-8d00-77acc2139c70,81b3b2a5-3320-4466-8eeb-217041bd5721,"['"Personal'"]","['"'"]"
7a8a1b47-4f15-e046-8064-cac47f1f9d2a,,2021-01-16 16:08:35,2021-01-16 16:08:35,"['"Consumer'"]",499ad3c2-97d2-441f-8d00-77acc2139c70,499ad3c2-97d2-441f-8d00-77acc2139c70,c2f24086-baae-46b3-a567-740178509f73,"['"Short Term'"]","['"'"]"
1f996d3f-c1f8-fb4f-b259-33dff6d9f0e3,,2021-01-16 16:08:36,2021-01-16 16:08:36,"['"Consumer'"]",499ad3c2-97d2-441f-8d00-77acc2139c70,499ad3c2-97d2-441f-8d00-77acc2139c70,0b12f460-d35a-4e4b-bb9f-14f6ab0f456b,"['"Short Term'", '"Personal'"]","['"'"]"
ab14ea91-7248-f940-a36d-a4fee8aef0ce,,2021-01-16 16:08:37,2021-01-16 16:08:37,"['"Consumer'"]",499ad3c2-97d2-441f-8d00-77acc2139c70,499ad3c2-97d2-441f-8d00-77acc2139c70,ef7d9c3d-b46b-411b-8678-a50814bb84f6,"['"Short Term'"]","['"'"]"
cfb0a40d-d06b-6142-b15e-a94f377130bf,,2021-01-16 16:08:38,2021-01-16 16:08:38,"['"Consumer'"]",499ad3c2-97d2-441f-8d00-77acc2139c70,499ad3c2-97d2-441f-8d00-77acc2139c70,3c0ac2ca-2083-442c-a3cf-1c1fef41f4e4,"['"Vehicle'"]","['"'"]"
84c7e280-8a95-1542-b6db-0c5745f6c087,,2021-01-16 16:08:38,2021-01-16 16:08:38,"['"Consumer'"]",499ad3c2-97d2-441f-8d00-77acc2139c70,499ad3c2-97d2-441f-8d00-77acc2139c70,29f907c0-658a-4bbd-a24e-6af81404c423,"['"Short Term'"]","['"'"]"
2116a03c-99f5-3643-b90f-6a6f12bb68ce,,2021-01-16 16:08:51,2021-01-16 16:08:51,"['"Business'"]",499ad3c2-97d2-441f-8d00-77acc2139c70,499ad3c2-97d2-441f-8d00-77acc2139c70,00eaa77a-30ef-4ea2-a1b1-8c16c6a8a2f7,"['"'"]","['"Invoice Trading'"]"
696d0b99-feea-cd41-a0b4-47b900a969d0,,2021-01-16 16:08:56,2021-01-16 16:08:56,"['"Business'"]",499ad3c2-97d2-441f-8d00-77acc2139c70,499ad3c2-97d2-441f-8d00-77acc2139c70,5859ac7d-c828-4338-94cc-dc2aa0f26ab4,"['"'"]","['"Invoice Trading'"]"
6bf09327-1ee6-9747-b059-d8056ac5c4dd,,2021-01-16 16:09:02,2021-01-16 16:09:02,"['"Business'"]",499ad3c2-97d2-441f-8d00-77acc2139c70,499ad3c2-97d2-441f-8d00-77acc2139c70,050fd78f-c2c9-4f41-9c18-a87e1a9c216f,"['"'"]","['"Business'"]"
c592c690-a382-b241-bb74-b31b7ce2efa1,,2021-01-16 16:08:40,2021-01-16 16:08:40,"['"Business'"]",499ad3c2-97d2-441f-8d00-77acc2139c70,499ad3c2-97d2-441f-8d00-77acc2139c70,e0256573-1504-4c10-bcc3-d1c98f269272,"['"'"]","['"Business'"]"
5fc6195d-eec6-c44f-960e-8cce791c4522,,2021-01-16 16:08:40,2021-01-16 16:08:40,"['"Business'"]",499ad3c2-97d2-441f-8d00-77acc2139c70,499ad3c2-97d2-441f-8d00-77acc2139c70,4644193e-7b9a-4bb0-87fc-168c94c11e0b,"['"'"]","['"Invoice Trading'"]"
92b8c2bf-4cea-4142-be98-5a1ce3defb3a,,2021-01-16 16:08:51,2021-01-16 16:08:51,"['"Consumer'"]",499ad3c2-97d2-441f-8d00-77acc2139c70,499ad3c2-97d2-441f-8d00-77acc2139c70,29bd2da0-cb2a-4192-b0b3-1945132e80b1,"['"Short Term'"]","['"'"]"
12b2e252-a177-da49-bf85-54f2333fd655,,2021-01-16 16:08:53,2021-01-16 16:08:53,"['"Consumer'"]",499ad3c2-97d2-441f-8d00-77acc2139c70,499ad3c2-97d2-441f-8d00-77acc2139c70,215e7899-acd1-45ca-a22d-6a60a7a485f0,"['"Personal'", '"Short Term'"]","['"'"]"
c8a59510-f273-8048-ada0-5004a49347f6,,2021-01-16 16:08:52,2021-01-16 16:08:52,"['"Business'"]",499ad3c2-97d2-441f-8d00-77acc2139c70,499ad3c2-97d2-441f-8d00-77acc2139c70,3345260f-1b69-4be7-b844-552183915bc7,"['"'"]","['"Real Estate'", '"Mortgage'"]"
2221810d-0286-9848-844a-5607901975c3,,2021-01-16 16:08:52,2021-01-16 16:08:52,"['"Business'"]",499ad3c2-97d2-441f-8d00-77acc2139c70,499ad3c2-97d2-441f-8d00-77acc2139c70,09d503e2-9cbf-40a9-8028-259163ce63e2,"['"'"]","['"Pawnbroking'", '"Business'", '"Bridge'"]"
ad9eb667-7b71-b543-a6d2-d24206ef3247,,2021-01-16 16:08:54,2021-01-16 16:08:54,"['"Business'"]",499ad3c2-97d2-441f-8d00-77acc2139c70,499ad3c2-97d2-441f-8d00-77acc2139c70,7c345a21-7cf5-4d9f-a89a-12743b57a06e,"['"'"]","['"Real Estate'"]"
38bf790b-c96b-034d-911f-0082fc94c025,,2021-01-16 16:08:57,2021-01-16 16:08:57,"['"Consumer'"]",499ad3c2-97d2-441f-8d00-77acc2139c70,499ad3c2-97d2-441f-8d00-77acc2139c70,2bd1521a-45f8-49b2-b46b-746fc65d59d7,"['"Personal'"]","['"'"]"
70c79e11-230e-f24f-b837-5f14769bc35c,,2021-01-16 16:08:57,2021-01-16 16:08:57,"['"Business'"]",499ad3c2-97d2-441f-8d00-77acc2139c70,499ad3c2-97d2-441f-8d00-77acc2139c70,9cea4459-6966-4d61-b2df-39a7e3d485b7,"['"'"]","['"Business'"]"
03092045-446b-9b4f-b6e3-4ee4f0eb9049,,2021-01-16 16:08:59,2021-01-16 16:08:59,"['"Business'"]",499ad3c2-97d2-441f-8d00-77acc2139c70,499ad3c2-97d2-441f-8d00-77acc2139c70,6a0d549b-7b54-47a3-8b5d-ead6d317dffd,"['"'"]","['"Invoice Trading'"]"
487cfe72-b57e-ba46-9454-f15be0798ebb,,2021-01-16 16:09:02,2021-01-16 16:09:02,"['"Business'"]",499ad3c2-97d2-441f-8d00-77acc2139c70,499ad3c2-97d2-441f-8d00-77acc2139c70,9330c21a-72b0-4bac-b821-a3fdad939486,"['"'"]","['"Business'"]"
2b2aa301-87fd-e645-b6d6-d291148ef79c,,2021-01-16 16:09:03,2021-01-16 16:09:03,"['"Business'"]",499ad3c2-97d2-441f-8d00-77acc2139c70,499ad3c2-97d2-441f-8d00-77acc2139c70,ff4db875-9af4-44a6-932b-2380e823de56,"['"'"]","['"Invoice Trading'"]"
8cd68f8f-0dde-0941-99d8-dbbfdb3a8c08,,2021-01-16 16:09:07,2021-01-16 16:09:07,"['"Business'"]",499ad3c2-97d2-441f-8d00-77acc2139c70,499ad3c2-97d2-441f-8d00-77acc2139c70,7b979c72-4bc2-4c83-8a36-348803080eae,"['"'"]","['"Business'"]"
87ce35eb-294e-cc44-bf85-462be5821857,,2021-01-16 16:08:43,2021-01-16 16:08:43,"['"Consumer'"]",499ad3c2-97d2-441f-8d00-77acc2139c70,499ad3c2-97d2-441f-8d00-77acc2139c70,4c675d54-3f82-4f6e-bc28-63578f1a86f9,"['"Short Term'"]","['"'"]"
1f43e085-d7d0-9347-ae8c-69311ff96205,,2021-01-16 16:08:46,2021-01-16 16:08:46,"['"Consumer'"]",499ad3c2-97d2-441f-8d00-77acc2139c70,499ad3c2-97d2-441f-8d00-77acc2139c70,158ec725-f56d-4b38-ac20-e9f3dc6becac,"['"Vehicle'", '"Personal'"]","['"'"]"
5ef8b176-d3ff-8f42-891f-534bd766ab59,,2021-01-16 16:08:48,2021-01-16 16:08:48,"['"Consumer'"]",499ad3c2-97d2-441f-8d00-77acc2139c70,499ad3c2-97d2-441f-8d00-77acc2139c70,496db9f8-c3dd-423a-9a12-407b08ef2d96,"['"Short Term'"]","['"'"]"
2e445af9-2fee-904a-918d-c1888e897cd8,,2021-01-16 16:08:58,2021-01-16 16:08:58,"['"Consumer'"]",499ad3c2-97d2-441f-8d00-77acc2139c70,499ad3c2-97d2-441f-8d00-77acc2139c70,7432ff43-d4db-4cfa-b282-e1efacf50ece,"['"Short Term'", '"Vehicle'"]","['"'"]"
eb86143b-836d-f944-ae25-3ceddc3338d2,,2021-01-16 16:09:00,2021-01-16 16:09:00,"['"Consumer'"]",499ad3c2-97d2-441f-8d00-77acc2139c70,499ad3c2-97d2-441f-8d00-77acc2139c70,e035b552-833e-4097-a5b1-297c0eaf4e04,"['"Pawnbroking'"]","['"'"]"
98b2a6be-374d-834d-806b-276b245f4f24,,2021-01-16 16:09:05,2021-01-16 16:09:05,"['"Consumer'"]",499ad3c2-97d2-441f-8d00-77acc2139c70,499ad3c2-97d2-441f-8d00-77acc2139c70,6c8cbff1-5cd4-46f8-940a-5e79795ad684,"['"Short Term'"]","['"'"]"
3169e9d7-1e76-2c4e-9453-877f18fac272,,2021-01-16 16:08:39,2021-01-16 16:08:39,"['"Consumer'"]",499ad3c2-97d2-441f-8d00-77acc2139c70,499ad3c2-97d2-441f-8d00-77acc2139c70,a9c6a66b-56ca-49fe-8272-1e6741fa07c7,"['"Personal'", '"Short Term'"]","['"'"]"
3c9a2e88-5ef0-e641-b198-060585906503,,2021-01-16 16:08:41,2021-01-16 16:08:41,"['"Consumer'"]",499ad3c2-97d2-441f-8d00-77acc2139c70,499ad3c2-97d2-441f-8d00-77acc2139c70,a9e33742-76ef-4a56-9d3c-2764c19b0017,"['"Short Term'", '"Personal'"]","['"'"]"
46caa336-a4a3-4344-b085-e58ea2b9eadf,,2021-01-16 16:08:41,2021-01-16 16:08:41,"['"Consumer'"]",499ad3c2-97d2-441f-8d00-77acc2139c70,499ad3c2-97d2-441f-8d00-77acc2139c70,307b75a3-8a1a-4570-a966-26dc52efd478,"['"Short Term'", '"Personal'"]","['"'"]"
1f34e8e6-f1e8-b845-9c32-dcd7a528ccdd,,2021-01-16 16:08:42,2021-01-16 16:08:42,"['"Consumer'"]",499ad3c2-97d2-441f-8d00-77acc2139c70,499ad3c2-97d2-441f-8d00-77acc2139c70,7f4ae3d8-95c4-4cbb-a678-5d37bf484c88,"['"Short Term'", '"Personal'"]","['"'"]"
cfe67908-799d-f94b-8bd4-2a9a4fb0b07d,,2021-01-16 16:08:44,2021-01-16 16:08:44,"['"Consumer'"]",499ad3c2-97d2-441f-8d00-77acc2139c70,499ad3c2-97d2-441f-8d00-77acc2139c70,96e4fb11-5011-40e8-ba02-4589c924bd8d,"['"Short Term'"]","['"'"]"
421ff394-a408-f141-be18-4e7d2848878f,,2021-01-16 16:08:45,2021-01-16 16:08:45,"['"Consumer'"]",499ad3c2-97d2-441f-8d00-77acc2139c70,499ad3c2-97d2-441f-8d00-77acc2139c70,942f6181-f592-4e08-a448-d8834e5af187,"['"Vehicle'"]","['"'"]"
0ad3ac54-574b-be48-95f5-e8d6dba0af1a,,2021-01-16 16:08:47,2021-01-16 16:08:47,"['"Consumer'"]",499ad3c2-97d2-441f-8d00-77acc2139c70,499ad3c2-97d2-441f-8d00-77acc2139c70,c94ff754-fd13-4ba2-8f4f-a356ad239d4d,"['"Short Term'"]","['"'"]"
c32a124e-7a6c-d14d-b9f0-319cb3c0173d,,2021-01-16 16:08:47,2021-01-16 16:08:47,"['"Consumer'"]",499ad3c2-97d2-441f-8d00-77acc2139c70,499ad3c2-97d2-441f-8d00-77acc2139c70,b1a8685e-be26-4b30-b9f6-170bf561a7e7,"['"Short Term'", '"Personal'"]","['"'"]"
ce079ff4-1a95-6945-a28c-ad56220e2f22,,2021-01-16 16:08:49,2021-01-16 16:08:49,"['"Consumer'"]",499ad3c2-97d2-441f-8d00-77acc2139c70,499ad3c2-97d2-441f-8d00-77acc2139c70,8aa293bd-9777-457b-82c6-e84311ea30d8,"['"Vehicle'"]","['"'"]"
87b93cfc-95f5-df4a-b240-b3f1b54e988a,,2021-01-16 16:08:50,2021-01-16 16:08:50,"['"Consumer'", '"Business'"]",499ad3c2-97d2-441f-8d00-77acc2139c70,499ad3c2-97d2-441f-8d00-77acc2139c70,9a239b46-32c4-4b90-be09-1c30ca242515,"['"Personal'", '"Vehicle'", '"Consolidation'"]","['"Agricultural'", '"Consolidation'", '"Business'"]"
c56b9910-3953-bd40-b2c1-ea00d84b13a3,,2021-01-16 16:08:52,2021-01-16 16:08:52,"['"Consumer'", '"Business'"]",499ad3c2-97d2-441f-8d00-77acc2139c70,499ad3c2-97d2-441f-8d00-77acc2139c70,c8c11f23-b493-4e8d-b459-c60511ea0740,"['"Personal'", '"Refinance'"]","['"Business'"]"
1d656160-9b17-9940-b087-288d75d2d7ff,,2021-01-16 16:08:53,2021-01-16 16:08:53,"['"Consumer'"]",499ad3c2-97d2-441f-8d00-77acc2139c70,499ad3c2-97d2-441f-8d00-77acc2139c70,5c2fdffa-6a53-43f5-8ba7-dcb84f124ddf,"['"Personal'"]","['"'"]"
cd927c12-d695-a24b-ab5b-6b7ca02af299,,2021-01-16 16:08:54,2021-01-16 16:08:54,"['"Consumer'"]",499ad3c2-97d2-441f-8d00-77acc2139c70,499ad3c2-97d2-441f-8d00-77acc2139c70,ad326327-f5c1-44b9-9985-121757d86093,"['"Personal'", '"Short Term'"]","['"'"]"
0bb792dd-819b-6f40-a563-72622230e6c2,,2021-01-16 16:08:54,2021-01-16 16:08:54,"['"Consumer'"]",499ad3c2-97d2-441f-8d00-77acc2139c70,499ad3c2-97d2-441f-8d00-77acc2139c70,4e6035f9-d552-4e5f-a528-03a2e31bdf22,"['"Short Term'"]","['"'"]"
d180a3ca-d8b8-5a45-a113-41011e769397,,2021-01-16 16:08:55,2021-01-16 16:08:55,"['"Consumer'"]",499ad3c2-97d2-441f-8d00-77acc2139c70,499ad3c2-97d2-441f-8d00-77acc2139c70,553e686c-a7aa-4203-8ffe-2c8e77984939,"['"Personal'", '"Short Term'"]","['"'"]"
e6ae27b5-4f86-044e-b694-7f5280a6f2df,,2021-01-16 16:08:55,2021-01-16 16:08:55,"['"Consumer'"]",499ad3c2-97d2-441f-8d00-77acc2139c70,499ad3c2-97d2-441f-8d00-77acc2139c70,756f908a-2193-41bb-b88b-55c67a4b724b,"['"Short Term'"]","['"'"]"
1578162e-7f45-5a41-b99f-3e22879464bd,,2021-01-16 16:08:56,2021-01-16 16:08:56,"['"Consumer'"]",499ad3c2-97d2-441f-8d00-77acc2139c70,499ad3c2-97d2-441f-8d00-77acc2139c70,836c7a4e-1ae5-4e6a-9efa-939469ae05bb,"['"Short Term'"]","['"'"]"
32259b35-3ec5-ea40-b59e-054dd3fbb3d5,,2021-01-16 16:08:57,2021-01-16 16:08:57,"['"Consumer'", '"Business'"]",499ad3c2-97d2-441f-8d00-77acc2139c70,499ad3c2-97d2-441f-8d00-77acc2139c70,f36b93d3-505e-4843-a654-76f118b60125,"['"Mortgage'"]","['"Mortgage'"]"
705e888e-e316-bf42-ac69-8855fecb82a1,,2021-01-16 16:08:58,2021-01-16 16:08:58,"['"Consumer'"]",499ad3c2-97d2-441f-8d00-77acc2139c70,499ad3c2-97d2-441f-8d00-77acc2139c70,50ba33fe-74f4-4c48-aeee-2e20b542fc1c,"['"Pawnbroking'"]","['"'"]"
2e9aaad2-c97a-1c46-a352-5c435b72f286,,2021-01-16 16:08:59,2021-01-16 16:08:59,"['"Consumer'"]",499ad3c2-97d2-441f-8d00-77acc2139c70,499ad3c2-97d2-441f-8d00-77acc2139c70,a4f9e1f4-8b68-4199-95f8-10d19706a62a,"['"Short Term'", '"Personal'"]","['"'"]"
6cf48ce4-aa9d-cd49-8b45-866109ec7209,,2021-01-16 16:08:59,2021-01-16 16:08:59,"['"Consumer'"]",499ad3c2-97d2-441f-8d00-77acc2139c70,499ad3c2-97d2-441f-8d00-77acc2139c70,e7cc9628-b9c6-43ee-b91f-d518179023f4,"['"Personal'"]","['"'"]"
a33edfe2-01f3-1744-b2b6-ee80ac764af0,,2021-01-16 16:09:00,2021-01-16 16:09:00,"['"Consumer'"]",499ad3c2-97d2-441f-8d00-77acc2139c70,499ad3c2-97d2-441f-8d00-77acc2139c70,590528f2-7eef-45cc-bdf1-f30b30ec5b94,"['"Personal'"]","['"'"]"
653bcbdd-454a-724e-b986-4d248cc61d29,,2021-01-16 16:09:01,2021-01-16 16:09:01,"['"Consumer'"]",499ad3c2-97d2-441f-8d00-77acc2139c70,499ad3c2-97d2-441f-8d00-77acc2139c70,a93dddf4-345c-468c-b932-546d2ffe73ac,"['"Short Term'"]","['"'"]"
fcb6f030-d58d-f147-96b7-a056fea1d1b2,,2021-01-16 16:09:01,2021-01-16 16:09:01,"['"Consumer'"]",499ad3c2-97d2-441f-8d00-77acc2139c70,499ad3c2-97d2-441f-8d00-77acc2139c70,b41c9d55-d839-430b-bad1-f25cee6965ad,"['"Personal'"]","['"'"]"
bdbf5fe4-da31-ba47-b944-5d339b3ba297,,2021-01-16 16:09:04,2021-01-16 16:09:04,"['"Consumer'"]",499ad3c2-97d2-441f-8d00-77acc2139c70,499ad3c2-97d2-441f-8d00-77acc2139c70,9347cf81-df58-447d-8ffe-d7bc7c53f44f,"['"Personal'"]","['"'"]"
f241e2f7-594f-7e4a-90a1-2028f779bf31,,2021-01-16 16:09:06,2021-01-16 16:09:06,"['"Consumer'"]",499ad3c2-97d2-441f-8d00-77acc2139c70,499ad3c2-97d2-441f-8d00-77acc2139c70,797cb242-a463-4680-b984-9c4bff5cfce2,"['"Short Term'"]","['"'"]"
221b835f-f13e-9448-83a8-1f63bb03ce3c,,2021-01-16 16:09:09,2021-01-16 16:09:09,"['"Business'"]",499ad3c2-97d2-441f-8d00-77acc2139c70,499ad3c2-97d2-441f-8d00-77acc2139c70,c48fe274-6caa-44f7-b605-5cb4846201a1,"['"'"]","['"Business'"]"
e51d9e90-3d24-4944-8e16-223d5df5ad0f,,2021-01-16 16:09:10,2021-01-16 16:09:10,"['"Business'"]",499ad3c2-97d2-441f-8d00-77acc2139c70,499ad3c2-97d2-441f-8d00-77acc2139c70,24681be3-1c2f-4a82-abf6-e61b8e1df3f9,"['"'"]","['"Real Estate'"]"
44b55c7d-5065-e349-a667-1982e9766a88,,2021-01-16 16:09:11,2021-01-16 16:09:11,"['"Business'"]",499ad3c2-97d2-441f-8d00-77acc2139c70,499ad3c2-97d2-441f-8d00-77acc2139c70,42cfee6f-6ec4-49b7-89c2-44d9ba855aad,"['"'"]","['"Business'"]"
86e64333-086f-6843-815c-01e1e6c82340,,2021-01-16 16:09:16,2021-01-16 16:09:16,"['"Business'"]",499ad3c2-97d2-441f-8d00-77acc2139c70,499ad3c2-97d2-441f-8d00-77acc2139c70,b964777c-6feb-4915-a1c8-f3260ba623e8,"['"'"]","['"Invoice Trading'"]"
908e78d3-04e6-8c4e-b377-038e453b1fa8,,2021-01-16 16:09:10,2021-01-16 16:09:10,"['"Consumer'"]",499ad3c2-97d2-441f-8d00-77acc2139c70,499ad3c2-97d2-441f-8d00-77acc2139c70,23349931-97bd-4bc5-9a5c-46ff9cdc74ac,"['"Personal'"]","['"'"]"
5dd9ac33-8be7-e94f-b52f-f7beb3a86b0a,,2021-01-16 16:09:15,2021-01-16 16:09:15,"['"Consumer'"]",499ad3c2-97d2-441f-8d00-77acc2139c70,499ad3c2-97d2-441f-8d00-77acc2139c70,35e0708c-9f63-463b-aae3-7ee4680d0cc4,"['"Short Term'"]","['"'"]"
a1a9ed1a-2568-764d-93e6-e766069364c9,,2021-01-16 16:09:17,2021-01-16 16:09:17,"['"Consumer'"]",499ad3c2-97d2-441f-8d00-77acc2139c70,499ad3c2-97d2-441f-8d00-77acc2139c70,7a2b7965-9b15-42c5-abaf-4fd87ab64734,"['"Personal'", '"Short Term'"]","['"'"]"
fd7db681-27c2-f14c-a6a7-31b800175b32,,2021-01-16 16:09:21,2021-01-16 16:09:21,"['"Consumer'"]",499ad3c2-97d2-441f-8d00-77acc2139c70,499ad3c2-97d2-441f-8d00-77acc2139c70,b39ad010-5079-4ee2-bd2c-f4e691e9d0cd,"['"Personal'", '"Short Term'"]","['"'"]"
c7d59677-ada5-3747-a044-63767629cff8,,2021-01-16 16:09:23,2021-01-16 16:09:23,"['"Consumer'"]",499ad3c2-97d2-441f-8d00-77acc2139c70,499ad3c2-97d2-441f-8d00-77acc2139c70,bbdeb00d-e09d-4e55-a612-09f65442a81d,"['"Personal'", '"Short Term'"]","['"'"]"
1cfc8ef3-0a56-394a-8a42-bd617584e1c5,,2021-01-16 16:09:26,2021-01-16 16:09:26,"['"Consumer'"]",499ad3c2-97d2-441f-8d00-77acc2139c70,499ad3c2-97d2-441f-8d00-77acc2139c70,8b512b71-aa6e-4c19-8749-5f958fcb8449,"['"Short Term'", '"Personal'"]","['"'"]"
42aa871d-783c-f342-841c-396806d86a35,,2021-01-16 16:09:29,2021-01-16 16:09:29,"['"Consumer'"]",499ad3c2-97d2-441f-8d00-77acc2139c70,499ad3c2-97d2-441f-8d00-77acc2139c70,e351334d-96f5-47b2-b9d1-fad8005b39b7,"['"Personal'", '"Short Term'"]","['"'"]"
0ca33c4c-1d6f-0a49-bc25-52eabe47947e,,2021-01-16 16:09:32,2021-01-16 16:09:32,"['"Consumer'"]",499ad3c2-97d2-441f-8d00-77acc2139c70,499ad3c2-97d2-441f-8d00-77acc2139c70,d8fad8b9-137f-49ed-a8ba-dfb57a85738e,"['"Personal'", '"Short Term'"]","['"'"]"
2003518e-afda-5c46-a16b-74ff0dd93666,,2021-01-16 16:09:08,2021-01-16 16:09:08,"['"Consumer'"]",499ad3c2-97d2-441f-8d00-77acc2139c70,499ad3c2-97d2-441f-8d00-77acc2139c70,239d4f1b-3a49-4398-bcd4-d59ac49c5c5b,"['"Short Term'", '"Personal'"]","['"'"]"
f2d728a3-8dc6-0a46-8cf7-4cd329657803,,2021-01-16 16:09:11,2021-01-16 16:09:11,"['"Consumer'"]",499ad3c2-97d2-441f-8d00-77acc2139c70,499ad3c2-97d2-441f-8d00-77acc2139c70,008a6c53-ba59-4d73-b9ac-f03d05013abc,"['"Personal'"]","['"'"]"
1754ae23-d94b-eb49-bd9f-08f57c2546d1,,2021-01-16 16:09:12,2021-01-16 16:09:12,"['"Consumer'"]",499ad3c2-97d2-441f-8d00-77acc2139c70,499ad3c2-97d2-441f-8d00-77acc2139c70,6653bd5e-1d3a-44f2-b45e-f01569e858d3,"['"Personal'"]","['"'"]"
fc48643b-5b9e-7d4f-9932-31a0d910264f,,2021-01-16 16:09:12,2021-01-16 16:09:12,"['"Consumer'"]",499ad3c2-97d2-441f-8d00-77acc2139c70,499ad3c2-97d2-441f-8d00-77acc2139c70,4b90059c-8043-48e9-bdf3-bf4bb3de3874,"['"Short Term'"]","['"'"]"
18dec95d-5017-b849-b18d-8d665fbf8ca1,,2021-01-16 16:09:12,2021-01-16 16:09:12,"['"Consumer'"]",499ad3c2-97d2-441f-8d00-77acc2139c70,499ad3c2-97d2-441f-8d00-77acc2139c70,da4011df-9013-47ba-a782-000db852312e,"['"Personal'", '"Short Term'"]","['"'"]"
ad81fea9-5cbc-4745-8bb2-6eb6816d0ed5,,2021-01-16 16:09:13,2021-01-16 16:09:13,"['"Consumer'"]",499ad3c2-97d2-441f-8d00-77acc2139c70,499ad3c2-97d2-441f-8d00-77acc2139c70,aa954c2e-405e-495d-90e0-327e1ce28668,"['"Personal'"]","['"'"]"
066d709b-1841-a44c-9985-c62db13169a1,,2021-01-16 16:09:13,2021-01-16 16:09:13,"['"Consumer'"]",499ad3c2-97d2-441f-8d00-77acc2139c70,499ad3c2-97d2-441f-8d00-77acc2139c70,021e607f-8369-4f4f-a8b3-44ed511bf86f,"['"Short Term'"]","['"'"]"
89210739-88bd-5c42-809f-64151a0d023a,,2021-01-16 16:09:14,2021-01-16 16:09:14,"['"Consumer'"]",499ad3c2-97d2-441f-8d00-77acc2139c70,499ad3c2-97d2-441f-8d00-77acc2139c70,8c07e037-c5e0-42c0-8cf5-bb05803b1e13,"['"Short Term'"]","['"'"]"
cd6925ad-f11d-c944-843e-36eb817d5913,,2021-01-16 16:09:14,2021-01-16 16:09:14,"['"Consumer'"]",499ad3c2-97d2-441f-8d00-77acc2139c70,499ad3c2-97d2-441f-8d00-77acc2139c70,14a88caf-1af7-41a0-a54a-4fc9674e8954,"['"Short Term'"]","['"'"]"
43d78af0-37a1-3d41-a13c-14fee86097b7,,2021-01-16 16:09:15,2021-01-16 16:09:15,"['"Consumer'"]",499ad3c2-97d2-441f-8d00-77acc2139c70,499ad3c2-97d2-441f-8d00-77acc2139c70,e99a286a-95a7-4333-8476-8515d4751069,"['"Vehicle'"]","['"'"]"
3bfefac5-abe9-3940-bb20-612005c0ab6e,,2021-01-16 16:09:16,2021-01-16 16:09:16,"['"Consumer'"]",499ad3c2-97d2-441f-8d00-77acc2139c70,499ad3c2-97d2-441f-8d00-77acc2139c70,222b2b5c-e571-4e07-be02-39c4b25342f5,"['"Short Term'"]","['"'"]"
22cb75d7-1f76-e640-8614-43b1fbc98f3f,,2021-01-16 16:09:16,2021-01-16 16:09:16,"['"Consumer'"]",499ad3c2-97d2-441f-8d00-77acc2139c70,499ad3c2-97d2-441f-8d00-77acc2139c70,ddfd65d0-4648-471b-af04-f6c6a2f09336,"['"Short Term'"]","['"'"]"
d1cd66eb-58e6-c54a-8798-4fa54faa7bec,,2021-01-16 16:09:17,2021-01-16 16:09:17,"['"Consumer'"]",499ad3c2-97d2-441f-8d00-77acc2139c70,499ad3c2-97d2-441f-8d00-77acc2139c70,7ce8ffae-5a9b-42b1-b9a7-d55d31ecee81,"['"Short Term'", '"Personal'"]","['"'"]"
c04aeaba-0fcc-7146-b90e-2ed25dca2b41,,2021-01-16 16:09:18,2021-01-16 16:09:18,"['"Consumer'"]",499ad3c2-97d2-441f-8d00-77acc2139c70,499ad3c2-97d2-441f-8d00-77acc2139c70,3cd298af-940c-4fba-8831-eedc4c92fc6d,"['"Personal'", '"Short Term'"]","['"'"]"
11b1851d-8d58-f64e-b98a-2f36fb3f044c,,2021-01-16 16:09:18,2021-01-16 16:09:18,"['"Consumer'"]",499ad3c2-97d2-441f-8d00-77acc2139c70,499ad3c2-97d2-441f-8d00-77acc2139c70,e62fa19e-b3d6-4e94-b1db-65be16207995,"['"Personal'", '"Short Term'"]","['"'"]"
a1d9f788-8283-814a-aa59-959fd4e4294d,,2021-01-16 16:09:19,2021-01-16 16:09:19,"['"Consumer'"]",499ad3c2-97d2-441f-8d00-77acc2139c70,499ad3c2-97d2-441f-8d00-77acc2139c70,e4f39e07-7eee-463d-80c9-7741d8491ac2,"['"Personal'", '"Short Term'"]","['"'"]"
266961ef-8725-b84a-b1d9-6c13631861db,,2021-01-16 16:09:19,2021-01-16 16:09:19,"['"Consumer'"]",499ad3c2-97d2-441f-8d00-77acc2139c70,499ad3c2-97d2-441f-8d00-77acc2139c70,8f4ab373-5414-42ac-bca0-cbe458ee7828,"['"Personal'", '"Short Term'"]","['"'"]"
b5989e5a-5e8a-7f4e-a332-ef2dbd16c431,,2021-01-16 16:09:19,2021-01-16 16:09:19,"['"Consumer'"]",499ad3c2-97d2-441f-8d00-77acc2139c70,499ad3c2-97d2-441f-8d00-77acc2139c70,c4b1f030-13d7-467a-92c5-6bd1ffc5caf0,"['"Personal'", '"Short Term'"]","['"'"]"
d4aa6be7-6fc9-d448-bf28-807afad9ad98,,2021-01-16 16:09:20,2021-01-16 16:09:20,"['"Consumer'"]",499ad3c2-97d2-441f-8d00-77acc2139c70,499ad3c2-97d2-441f-8d00-77acc2139c70,0d78df08-994b-4866-aec2-6b6c7ce51896,"['"Short Term'"]","['"'"]"
a76e631b-e7c8-2849-bd02-4be1db0274dc,,2021-01-16 16:09:20,2021-01-16 16:09:20,"['"Consumer'"]",499ad3c2-97d2-441f-8d00-77acc2139c70,499ad3c2-97d2-441f-8d00-77acc2139c70,a8d9fbc2-ad84-4720-858c-6c434a174e34,"['"Personal'"]","['"'"]"
ee39ea5d-05cb-b241-b94d-3114c755fe56,,2021-01-16 16:09:21,2021-01-16 16:09:21,"['"Consumer'"]",499ad3c2-97d2-441f-8d00-77acc2139c70,499ad3c2-97d2-441f-8d00-77acc2139c70,d85234c6-a388-4dc0-bd5c-0f8ab46c609e,"['"Short Term'"]","['"'"]"
b1e2e9e5-4e50-0d46-a040-c7776228eeba,,2021-01-16 16:09:21,2021-01-16 16:09:21,"['"Consumer'"]",499ad3c2-97d2-441f-8d00-77acc2139c70,499ad3c2-97d2-441f-8d00-77acc2139c70,c178d5e8-138c-493d-8c41-020e78bd93f9,"['"Short Term'"]","['"'"]"
62b91d72-ba95-2348-ba0a-83391c2d2ee1,,2021-01-16 16:09:22,2021-01-16 16:09:22,"['"Consumer'"]",499ad3c2-97d2-441f-8d00-77acc2139c70,499ad3c2-97d2-441f-8d00-77acc2139c70,37887e75-b633-42df-a21f-95549f5df409,"['"Personal'", '"Short Term'"]","['"'"]"
49ea9b00-1565-0642-8f97-e53995aebcbc,,2021-01-16 16:09:25,2021-01-16 16:09:25,"['"Consumer'"]",499ad3c2-97d2-441f-8d00-77acc2139c70,499ad3c2-97d2-441f-8d00-77acc2139c70,8a487512-d8ef-49b3-b4bd-ffea6081010b,"['"Short Term'"]","['"'"]"
b82a4d2d-2513-7347-a221-e335054fa1e8,,2021-01-16 16:09:25,2021-01-16 16:09:25,"['"Consumer'"]",499ad3c2-97d2-441f-8d00-77acc2139c70,499ad3c2-97d2-441f-8d00-77acc2139c70,aa225c89-dbfe-4b8d-916c-6205cb941594,"['"Personal'", '"Short Term'"]","['"'"]"
aa0a73b1-e95a-8e4b-ab7e-e21616e0df24,,2021-01-16 16:09:27,2021-01-16 16:09:27,"['"Consumer'"]",499ad3c2-97d2-441f-8d00-77acc2139c70,499ad3c2-97d2-441f-8d00-77acc2139c70,2500896c-d244-4837-8590-9a9281a28606,"['"Personal'", '"Short Term'"]","['"'"]"
a2a8adc8-0b6b-eb48-abce-052e9dadd9e6,,2021-01-16 16:09:28,2021-01-16 16:09:28,"['"Consumer'"]",499ad3c2-97d2-441f-8d00-77acc2139c70,499ad3c2-97d2-441f-8d00-77acc2139c70,397d5797-fc4c-46e4-b71e-11d21fb3e8f1,"['"Short Term'"]","['"'"]"
045bb58b-06cf-2347-a75d-f153e8a50498,,2021-01-16 16:09:30,2021-01-16 16:09:30,"['"Consumer'"]",499ad3c2-97d2-441f-8d00-77acc2139c70,499ad3c2-97d2-441f-8d00-77acc2139c70,6f8cf356-cb82-4a78-b5b5-ca7534e51771,"['"Personal'", '"Short Term'"]","['"'"]"
97be1666-1a6c-3b49-8be5-e2bdd5c49c7a,,2021-01-16 16:09:31,2021-01-16 16:09:31,"['"Consumer'"]",499ad3c2-97d2-441f-8d00-77acc2139c70,499ad3c2-97d2-441f-8d00-77acc2139c70,3c71b99c-3a7c-4eba-8f2e-5318d35a135a,"['"Personal'"]","['"'"]"
651e588c-a204-8242-ac2a-6dfcbda63e51,,2021-01-16 16:09:31,2021-01-16 16:09:31,"['"Consumer'"]",499ad3c2-97d2-441f-8d00-77acc2139c70,499ad3c2-97d2-441f-8d00-77acc2139c70,fd150d39-c992-4bcf-8cba-ac224c66d521,"['"Short Term'"]","['"'"]"
49208809-8f18-3543-8f0b-8f44c14d75c5,,2021-01-16 16:09:32,2021-01-16 16:09:32,"['"Consumer'"]",499ad3c2-97d2-441f-8d00-77acc2139c70,499ad3c2-97d2-441f-8d00-77acc2139c70,64d51fa1-5840-48c0-a758-14506b45d08a,"['"Personal'", '"Short Term'"]","['"'"]"
73de4341-f94d-3a43-a3ee-39eb7704f819,,2021-01-16 16:09:33,2021-01-16 16:09:33,"['"Consumer'"]",499ad3c2-97d2-441f-8d00-77acc2139c70,499ad3c2-97d2-441f-8d00-77acc2139c70,4f50d405-317e-4028-a140-8638b743b7f8,"['"Personal'", '"Short Term'"]","['"'"]"
df0c1166-e7a2-b241-9e55-67ca938ff1de,,2021-01-16 16:09:33,2021-01-16 16:09:33,"['"Consumer'"]",499ad3c2-97d2-441f-8d00-77acc2139c70,499ad3c2-97d2-441f-8d00-77acc2139c70,867f803a-2c68-4b3b-92af-088cf359c2c8,"['"Personal'", '"Short Term'"]","['"'"]"
f6d75cc5-8b19-f540-b8c2-437ba154eb56,,2021-01-16 16:09:34,2021-01-16 16:09:34,"['"Consumer'"]",499ad3c2-97d2-441f-8d00-77acc2139c70,499ad3c2-97d2-441f-8d00-77acc2139c70,731e03ff-efb1-4c6a-859c-ea030d47d5bc,"['"Short Term'", '"Personal'"]","['"'"]"
7a171a5e-1a5e-a044-a3ba-e00b327885ac,,2021-01-16 16:09:34,2021-01-16 16:09:34,"['"Consumer'"]",499ad3c2-97d2-441f-8d00-77acc2139c70,499ad3c2-97d2-441f-8d00-77acc2139c70,b439cdbd-06d0-4d55-bdfa-e31c7487237c,"['"Short Term'"]","['"'"]"
80bb23d0-5196-fd40-8652-de83edac8930,,2021-01-16 16:09:34,2021-01-16 16:09:34,"['"Consumer'"]",499ad3c2-97d2-441f-8d00-77acc2139c70,499ad3c2-97d2-441f-8d00-77acc2139c70,56df62c0-fc4d-421d-abe3-621d54f41cc0,"['"Personal'"]","['"'"]"
a5f464b4-a224-fa4c-b4c9-d442802188bf,,2021-01-16 16:09:35,2021-01-16 16:09:35,"['"Consumer'"]",499ad3c2-97d2-441f-8d00-77acc2139c70,499ad3c2-97d2-441f-8d00-77acc2139c70,0938f667-5510-4d78-af1d-bd6a74fd1443,"['"Personal'"]","['"'"]"
dcc50bab-89df-094f-98c2-5b2e6d8915da,,2021-01-16 16:09:45,2021-01-16 16:09:45,"['"Business'"]",499ad3c2-97d2-441f-8d00-77acc2139c70,499ad3c2-97d2-441f-8d00-77acc2139c70,dbd94851-a5a5-484d-9b36-1333d716f90e,"['"'"]","['"Business'"]"
ccce626a-c6c8-a941-82c6-09a6ba7ef8a7,,2021-01-16 16:09:51,2021-01-16 16:09:51,"['"Business'"]",499ad3c2-97d2-441f-8d00-77acc2139c70,499ad3c2-97d2-441f-8d00-77acc2139c70,0431ebe4-81d7-4295-b95c-24990cbabc2a,"['"'"]","['"Business'", '"Invoice Trading'"]"
44b53d86-7597-e140-91f6-582e98b25a05,,2021-01-16 16:09:56,2021-01-16 16:09:56,"['"Business'"]",499ad3c2-97d2-441f-8d00-77acc2139c70,499ad3c2-97d2-441f-8d00-77acc2139c70,3bf125a7-e14c-4674-a1b2-4217a7791c8c,"['"'"]","['"Business'", '"Agricultural'"]"
969d40c2-3a45-ce40-b8b3-6df181fd24bd,,2021-01-16 16:09:42,2021-01-16 16:09:42,"['"Business'"]",499ad3c2-97d2-441f-8d00-77acc2139c70,499ad3c2-97d2-441f-8d00-77acc2139c70,b0fbbfe6-9a49-457d-a39a-662e8b356866,"['"'"]","['"Business'"]"
1dbee94a-84fb-6649-aeb1-aaaa0f64604f,,2021-01-16 16:09:44,2021-01-16 16:09:44,"['"Business'"]",499ad3c2-97d2-441f-8d00-77acc2139c70,499ad3c2-97d2-441f-8d00-77acc2139c70,edab7bba-32b4-4bba-8607-76def16996c6,"['"'"]","['"Business'"]"
6b9260cf-4a17-ac4b-a637-2412bcde9ddb,,2021-01-16 16:09:47,2021-01-16 16:09:47,"['"Business'"]",499ad3c2-97d2-441f-8d00-77acc2139c70,499ad3c2-97d2-441f-8d00-77acc2139c70,561d9593-bca4-44dd-a5d3-6f7a8bbf9a06,"['"'"]","['"Business'"]"
626b8646-2b8e-0c44-854b-d57a0fc7042d,,2021-01-16 16:09:47,2021-01-16 16:09:47,"['"Business'"]",499ad3c2-97d2-441f-8d00-77acc2139c70,499ad3c2-97d2-441f-8d00-77acc2139c70,1f5a7adb-2729-4b16-b3b3-8ba4b4030ce4,"['"'"]","['"Business'", '"Bridge'", '"Mortgage'"]"
2215bf34-835d-0d45-998c-01fb7d94b3bb,,2021-01-16 16:09:51,2021-01-16 16:09:51,"['"Business'"]",499ad3c2-97d2-441f-8d00-77acc2139c70,499ad3c2-97d2-441f-8d00-77acc2139c70,5299ef55-8a46-4861-8129-06fa3fd57e02,"['"'"]","['"Business'", '"Invoice Trading'"]"
612b4581-a28a-224b-823b-62730e9e0349,,2021-01-16 16:09:56,2021-01-16 16:09:56,"['"Business'"]",499ad3c2-97d2-441f-8d00-77acc2139c70,499ad3c2-97d2-441f-8d00-77acc2139c70,f17a5a98-676e-46b6-843b-a8fb5389f42e,"['"'"]","['"Bridge'"]"
4103b37f-0f44-5343-8495-b600da503d8a,,2021-01-16 16:09:56,2021-01-16 16:09:56,"['"Business'"]",499ad3c2-97d2-441f-8d00-77acc2139c70,499ad3c2-97d2-441f-8d00-77acc2139c70,1d117df0-9c0c-46dc-8d9f-8c75ff4283cc,"['"'"]","['"Business'"]"
4938d502-1073-7047-a911-3199e786149d,,2021-01-16 16:09:57,2021-01-16 16:09:57,"['"Business'"]",499ad3c2-97d2-441f-8d00-77acc2139c70,499ad3c2-97d2-441f-8d00-77acc2139c70,dd5293cd-0b35-45af-bfa5-a5005ad8f2ec,"['"'"]","['"Business'"]"
801394f9-d1e6-bc45-8d08-71d5d287bc2d,,2021-01-16 16:09:57,2021-01-16 16:09:57,"['"Business'"]",499ad3c2-97d2-441f-8d00-77acc2139c70,499ad3c2-97d2-441f-8d00-77acc2139c70,0a5c8f15-d971-43ae-864c-e81018d86c78,"['"'"]","['"Business'", '"Invoice Trading'"]"
a073cc8c-de63-0c44-a28e-b857d78eb439,,2021-01-16 16:09:58,2021-01-16 16:09:58,"['"Business'"]",499ad3c2-97d2-441f-8d00-77acc2139c70,499ad3c2-97d2-441f-8d00-77acc2139c70,6671222e-022f-4e2f-8a13-39f659f72209,"['"'"]","['"Business'"]"
b7cb77a3-9bd8-334a-a6f6-dcacfea8e2dd,,2021-01-16 16:09:36,2021-01-16 16:09:36,"['"Consumer'"]",499ad3c2-97d2-441f-8d00-77acc2139c70,499ad3c2-97d2-441f-8d00-77acc2139c70,e5b55366-996a-4f90-93ea-ac670d878b35,"['"Short Term'", '"Personal'"]","['"'"]"
4735d45d-db6a-ad4c-9d21-4e5cbf83ecc9,,2021-01-16 16:09:41,2021-01-16 16:09:41,"['"Consumer'"]",499ad3c2-97d2-441f-8d00-77acc2139c70,499ad3c2-97d2-441f-8d00-77acc2139c70,09a9c2ab-ae1d-4bce-9535-917d7cf3b14d,"['"Short Term'", '"Personal'"]","['"'"]"
0b7b8625-32e1-fb40-8654-cb94fb4d09a8,,2021-01-16 16:09:48,2021-01-16 16:09:48,"['"Consumer'"]",499ad3c2-97d2-441f-8d00-77acc2139c70,499ad3c2-97d2-441f-8d00-77acc2139c70,244b163b-2451-4424-b10d-d855997d9663,"['"Personal'"]","['"'"]"
196c724b-697a-d84a-8150-e28def647473,,2021-01-16 16:10:00,2021-01-16 16:10:00,"['"Consumer'"]",499ad3c2-97d2-441f-8d00-77acc2139c70,499ad3c2-97d2-441f-8d00-77acc2139c70,912a0f17-a843-4f84-b32d-90a71c190d90,"['"Vehicle'", '"Short Term'"]","['"'"]"
53b9125a-1852-3645-92e9-57a5ef135ca4,,2021-01-16 16:09:35,2021-01-16 16:09:35,"['"Consumer'"]",499ad3c2-97d2-441f-8d00-77acc2139c70,499ad3c2-97d2-441f-8d00-77acc2139c70,b7f5d9f9-d82c-430f-adca-6e24cbb545d3,"['"Personal'", '"Short Term'"]","['"'"]"
c8cae828-26f6-f941-83fe-cae48daa6bbf,,2021-01-16 16:09:36,2021-01-16 16:09:36,"['"Consumer'"]",499ad3c2-97d2-441f-8d00-77acc2139c70,499ad3c2-97d2-441f-8d00-77acc2139c70,a5ffd532-5e4a-4923-829e-4c788fe2d0b1,"['"Personal'", '"Short Term'"]","['"'"]"
2164e618-cff5-514b-b0ed-3e1ed1f73f86,,2021-01-16 16:09:36,2021-01-16 16:09:36,"['"Consumer'"]",499ad3c2-97d2-441f-8d00-77acc2139c70,499ad3c2-97d2-441f-8d00-77acc2139c70,117af909-788a-41a6-9e95-bb2ca36ffb88,"['"Short Term'"]","['"'"]"
06fb37ac-c9b6-f94c-a65c-8d46280a5890,,2021-01-16 16:09:37,2021-01-16 16:09:37,"['"Consumer'"]",499ad3c2-97d2-441f-8d00-77acc2139c70,499ad3c2-97d2-441f-8d00-77acc2139c70,d301335c-1fdb-454d-9c52-02a0c2f3cec3,"['"Short Term'"]","['"'"]"
242767e5-6077-6948-83f7-2e4711b81301,,2021-01-16 16:09:37,2021-01-16 16:09:37,"['"Consumer'"]",499ad3c2-97d2-441f-8d00-77acc2139c70,499ad3c2-97d2-441f-8d00-77acc2139c70,cce84888-23b9-40e2-8f21-7ee6a7647ab6,"['"Personal'"]","['"'"]"
1dd09f8e-fe08-c143-913f-40d1e0c75fa3,,2021-01-16 16:09:38,2021-01-16 16:09:38,"['"Consumer'"]",499ad3c2-97d2-441f-8d00-77acc2139c70,499ad3c2-97d2-441f-8d00-77acc2139c70,477b3791-253f-43e5-93f9-b8f0eccf96d6,"['"Short Term'"]","['"'"]"
bf79ef4a-261a-f54c-87aa-b3756fb5fbc3,,2021-01-16 16:09:38,2021-01-16 16:09:38,"['"Consumer'"]",499ad3c2-97d2-441f-8d00-77acc2139c70,499ad3c2-97d2-441f-8d00-77acc2139c70,6e300558-5ef4-4ec5-a16e-a0012115c014,"['"Personal'"]","['"'"]"
8772654b-05c1-6445-91a8-871b78ef824b,,2021-01-16 16:09:38,2021-01-16 16:09:38,"['"Consumer'"]",499ad3c2-97d2-441f-8d00-77acc2139c70,499ad3c2-97d2-441f-8d00-77acc2139c70,950c0327-68a3-4846-9f08-04d22bc509e9,"['"Personal'"]","['"'"]"
170a6a80-3e56-7246-b108-e363f2fd776b,,2021-01-16 16:09:39,2021-01-16 16:09:39,"['"Consumer'"]",499ad3c2-97d2-441f-8d00-77acc2139c70,499ad3c2-97d2-441f-8d00-77acc2139c70,8f2c5046-0f1d-49fd-9f2d-c8c7a607ea3a,"['"Personal'"]","['"'"]"
8d8a9d3e-51c9-fa45-9f60-1b50bf8b7318,,2021-01-16 16:09:39,2021-01-16 16:09:39,"['"Consumer'"]",499ad3c2-97d2-441f-8d00-77acc2139c70,499ad3c2-97d2-441f-8d00-77acc2139c70,6158e879-3db1-4604-8103-f834e429aa52,"['"Short Term'"]","['"'"]"
7485ce31-d68e-7c45-87bb-647454738e65,,2021-01-16 16:09:40,2021-01-16 16:09:40,"['"Consumer'"]",499ad3c2-97d2-441f-8d00-77acc2139c70,499ad3c2-97d2-441f-8d00-77acc2139c70,d703d00f-3709-46ef-85ae-c4f328d4747b,"['"Short Term'"]","['"'"]"
e35e653c-dcfe-fc43-a378-a7506f012bb0,,2021-01-16 16:09:40,2021-01-16 16:09:40,"['"Consumer'"]",499ad3c2-97d2-441f-8d00-77acc2139c70,499ad3c2-97d2-441f-8d00-77acc2139c70,c25c18a4-8439-4f6c-920b-9fd87eec5ced,"['"Short Term'"]","['"'"]"
e0996bc1-14d6-9c46-8c10-740d7747dbf3,,2021-01-16 16:09:40,2021-01-16 16:09:40,"['"Consumer'"]",499ad3c2-97d2-441f-8d00-77acc2139c70,499ad3c2-97d2-441f-8d00-77acc2139c70,dd9c7d86-ebb9-4bab-8d4a-da3716036295,"['"Personal'"]","['"'"]"
cac9678a-4430-9842-81e4-9a227abfa0a9,,2021-01-16 16:09:41,2021-01-16 16:09:41,"['"Consumer'"]",499ad3c2-97d2-441f-8d00-77acc2139c70,499ad3c2-97d2-441f-8d00-77acc2139c70,cebe45c7-a916-401a-af61-47863cd07849,"['"Personal'"]","['"'"]"
40a0522b-c9b2-b243-98ab-8e2f21523392,,2021-01-16 16:09:45,2021-01-16 16:09:45,"['"Consumer'"]",499ad3c2-97d2-441f-8d00-77acc2139c70,499ad3c2-97d2-441f-8d00-77acc2139c70,b729e54c-24b2-46cd-a29e-0510c08dfb72,"['"Vehicle'"]","['"'"]"
52fd30b3-8d5e-ae4c-8dfd-c2681cc91309,,2021-01-16 16:09:49,2021-01-16 16:09:49,"['"Consumer'"]",499ad3c2-97d2-441f-8d00-77acc2139c70,499ad3c2-97d2-441f-8d00-77acc2139c70,a0be67b7-685b-4713-8de1-06f67a839554,"['"Personal'"]","['"'"]"
f1b088c8-18b6-6c45-9017-64461e49c003,,2021-01-16 16:09:50,2021-01-16 16:09:50,"['"Consumer'"]",499ad3c2-97d2-441f-8d00-77acc2139c70,499ad3c2-97d2-441f-8d00-77acc2139c70,6f48fd98-5e1b-4cc2-9016-ab07da13311a,"['"Personal'"]","['"'"]"
575e4168-aebb-694a-9b43-730663cf5c17,,2021-01-16 16:09:52,2021-01-16 16:09:52,"['"Consumer'"]",499ad3c2-97d2-441f-8d00-77acc2139c70,499ad3c2-97d2-441f-8d00-77acc2139c70,4300cad7-9fb2-43f7-87c9-a7a62352e77f,"['"Personal'"]","['"'"]"
5f846729-c9ae-b743-8de0-a41855c4019b,,2021-01-16 16:09:52,2021-01-16 16:09:52,"['"Consumer'"]",499ad3c2-97d2-441f-8d00-77acc2139c70,499ad3c2-97d2-441f-8d00-77acc2139c70,b68abe62-38c8-48b7-8509-09e32217111b,"['"Personal'", '"Short Term'", '"Vehicle'"]","['"'"]"
74f993de-3194-8c44-b9d9-82bd9290dce6,,2021-01-16 16:09:52,2021-01-16 16:09:52,"['"Consumer'"]",499ad3c2-97d2-441f-8d00-77acc2139c70,499ad3c2-97d2-441f-8d00-77acc2139c70,85cfecc4-9334-44c1-8f1f-2bc9384a8ac6,"['"Personal'"]","['"'"]"
b5da9309-4737-314c-ae25-09a1e2ad2127,,2021-01-16 16:09:53,2021-01-16 16:09:53,"['"Consumer'"]",499ad3c2-97d2-441f-8d00-77acc2139c70,499ad3c2-97d2-441f-8d00-77acc2139c70,20b63bf8-4e17-4a85-8162-a8e3b88749c8,"['"Personal'", '"Short Term'"]","['"'"]"
4c2f121e-b88a-4444-a405-19de59c20202,,2021-01-16 16:09:53,2021-01-16 16:09:53,"['"Consumer'"]",499ad3c2-97d2-441f-8d00-77acc2139c70,499ad3c2-97d2-441f-8d00-77acc2139c70,b59892fc-8d59-416c-ae43-2208b7eaf4ce,"['"Short Term'"]","['"'"]"
04fcd957-83ef-0549-b043-5fbe546db22b,,2021-01-16 16:09:54,2021-01-16 16:09:54,"['"Consumer'"]",499ad3c2-97d2-441f-8d00-77acc2139c70,499ad3c2-97d2-441f-8d00-77acc2139c70,c838d94d-4b8a-4fac-bf99-18948c00bbc6,"['"Personal'", '"Short Term'"]","['"'"]"
885e1ce5-7391-5b4a-8e00-a022bd673afa,,2021-01-16 16:09:54,2021-01-16 16:09:54,"['"Consumer'"]",499ad3c2-97d2-441f-8d00-77acc2139c70,499ad3c2-97d2-441f-8d00-77acc2139c70,a8cc3aa0-934a-4b54-b82b-ec80ba798a56,"['"Short Term'"]","['"'"]"
b2eddb9c-3e0c-bc48-842c-68d9c37adfe8,,2021-01-16 16:09:54,2021-01-16 16:09:54,"['"Consumer'"]",499ad3c2-97d2-441f-8d00-77acc2139c70,499ad3c2-97d2-441f-8d00-77acc2139c70,a6fcbea3-5201-4f9a-92b6-d64594f7d348,"['"Short Term'"]","['"'"]"
0473459c-7dbc-ed47-b0aa-d2d668e077b7,,2021-01-16 16:09:55,2021-01-16 16:09:55,"['"Consumer'"]",499ad3c2-97d2-441f-8d00-77acc2139c70,499ad3c2-97d2-441f-8d00-77acc2139c70,a5f6a425-97fe-4338-8f30-2cd0dd396921,"['"Short Term'"]","['"'"]"
b196d21b-3667-9c40-8633-5c57c382813c,,2021-01-16 16:09:55,2021-01-16 16:09:55,"['"Consumer'"]",499ad3c2-97d2-441f-8d00-77acc2139c70,499ad3c2-97d2-441f-8d00-77acc2139c70,3bbff929-2d37-459d-a872-bb9001e0a2de,"['"Short Term'"]","['"'"]"
4d7be473-77e0-2b4f-bd71-4a21d7abf5c5,,2021-01-16 16:09:58,2021-01-16 16:09:58,"['"Consumer'"]",499ad3c2-97d2-441f-8d00-77acc2139c70,499ad3c2-97d2-441f-8d00-77acc2139c70,f3fea82f-82de-417c-a3fc-b9916e869ebb,"['"Vehicle'"]","['"'"]"
f9e535ba-45a2-3343-84db-d04a376efa7f,,2021-01-16 16:09:59,2021-01-16 16:09:59,"['"Consumer'"]",499ad3c2-97d2-441f-8d00-77acc2139c70,499ad3c2-97d2-441f-8d00-77acc2139c70,9fc377c8-c116-470d-aa54-ee226ee8441d,"['"Vehicle'"]","['"'"]"
4a4f313e-bf4e-e540-9833-3940e8dd5d16,,2021-01-16 16:09:59,2021-01-16 16:09:59,"['"Consumer'"]",499ad3c2-97d2-441f-8d00-77acc2139c70,499ad3c2-97d2-441f-8d00-77acc2139c70,b1cf06f5-27b0-4dcf-90d2-ba5308c9083a,"['"Vehicle'"]","['"'"]"
4ce13f4e-b834-7148-99fc-4e9cad023023,,2021-01-16 16:09:59,2021-01-16 16:09:59,"['"Consumer'"]",499ad3c2-97d2-441f-8d00-77acc2139c70,499ad3c2-97d2-441f-8d00-77acc2139c70,bbb9a386-ce03-44bb-9e30-cfda32516d1f,"['"Vehicle'"]","['"'"]"
ec841755-0814-754f-b5d1-e9b9ec06bf43,,2021-01-16 16:10:00,2021-01-16 16:10:00,"['"Consumer'"]",499ad3c2-97d2-441f-8d00-77acc2139c70,499ad3c2-97d2-441f-8d00-77acc2139c70,73b2653d-0b19-449c-8976-b07e699d92da,"['"Vehicle'"]","['"'"]"
88c17054-f058-6b47-8919-318ef999b1b9,,2021-01-16 16:10:01,2021-01-16 16:10:01,"['"Consumer'"]",499ad3c2-97d2-441f-8d00-77acc2139c70,499ad3c2-97d2-441f-8d00-77acc2139c70,3ad0800c-541a-4a07-a0af-f720a2ec3f3e,"['"Vehicle'"]","['"'"]"
2d69bf21-a35d-a648-aace-1caf21571783,,2021-01-16 16:10:28,2021-01-16 16:10:28,"['"'"]",499ad3c2-97d2-441f-8d00-77acc2139c70,499ad3c2-97d2-441f-8d00-77acc2139c70,ae7b93ac-4243-432b-8f79-c28bfcd80157,"['"'"]","['"'"]"
23c5dbcd-ace8-4fc0-860f-655eb4e506da,,2021-01-16 16:10:32,2021-01-16 16:10:32,"['"'"]",499ad3c2-97d2-441f-8d00-77acc2139c70,499ad3c2-97d2-441f-8d00-77acc2139c70,5be27223-28e1-460b-bd73-a081a2913ae0,"['"'"]","['"'"]"
d54b50df-b141-834d-a8aa-eb7cc06c9f70,,2021-01-16 16:10:15,2021-01-16 16:10:15,"['"Business'"]",499ad3c2-97d2-441f-8d00-77acc2139c70,499ad3c2-97d2-441f-8d00-77acc2139c70,e4025cb3-ce33-47cc-90ae-e80bae543658,"['"'"]","['"Business'", '"Invoice Trading'"]"
efd18358-1894-714a-a4e2-9030611271ab,,2021-01-16 16:10:24,2021-01-16 16:10:24,"['"Business'"]",499ad3c2-97d2-441f-8d00-77acc2139c70,499ad3c2-97d2-441f-8d00-77acc2139c70,2e2d41c5-e398-430b-81ce-164c2ddefd6b,"['"'"]","['"Business'"]"
c1f575c6-d3b5-4dda-891a-988cdb9c7b61,,2021-01-16 16:10:28,2021-01-16 16:10:28,"['"Business'"]",499ad3c2-97d2-441f-8d00-77acc2139c70,499ad3c2-97d2-441f-8d00-77acc2139c70,bbb48b07-2aa7-4718-9c6f-0ea076e1793f,"['"'"]","['"Business'", '"Real Estate'"]"
8c2ff5d3-9003-420d-af3a-5ed53ef1e607,,2021-01-16 16:10:30,2021-01-16 16:10:30,"['"Business'"]",499ad3c2-97d2-441f-8d00-77acc2139c70,499ad3c2-97d2-441f-8d00-77acc2139c70,9dc0193a-b71c-4440-9b15-3582d009c820,"['"'"]","['"Business'"]"
24b048e2-7fc2-432a-9b8c-e6b46603440b,,2021-01-16 16:10:31,2021-01-16 16:10:31,"['"Business'"]",499ad3c2-97d2-441f-8d00-77acc2139c70,499ad3c2-97d2-441f-8d00-77acc2139c70,386dd35a-8faf-4933-863c-c62487302523,"['"'"]","['"Bridge'"]"
79ba14e3-0eae-4fc4-96bb-b2212d9c589e,,2021-01-16 16:10:32,2021-01-16 16:10:32,"['"Business'"]",499ad3c2-97d2-441f-8d00-77acc2139c70,499ad3c2-97d2-441f-8d00-77acc2139c70,6ddefe03-f8b9-423c-be30-7d0820c6f9e7,"['"'"]","['"Business'"]"
646e12e9-044e-5649-ae26-2c380750c313,,2021-01-16 16:10:04,2021-01-16 16:10:04,"['"Consumer'"]",499ad3c2-97d2-441f-8d00-77acc2139c70,499ad3c2-97d2-441f-8d00-77acc2139c70,07cdecb3-b4fa-43fa-9f1e-a0a478a0c8ab,"['"Vehicle'"]","['"'"]"
27ff8525-c348-ce46-a13e-83f133881e8f,,2021-01-16 16:10:08,2021-01-16 16:10:08,"['"Consumer'"]",499ad3c2-97d2-441f-8d00-77acc2139c70,499ad3c2-97d2-441f-8d00-77acc2139c70,69094628-f1ee-4bd4-9632-36345d47c9f2,"['"Personal'"]","['"'"]"
c6c12dec-47b3-3f41-9f32-965efeeebe01,,2021-01-16 16:10:11,2021-01-16 16:10:11,"['"Consumer'"]",499ad3c2-97d2-441f-8d00-77acc2139c70,499ad3c2-97d2-441f-8d00-77acc2139c70,ca1d2b34-006e-4fe8-b025-2a3e9e54fe0c,"['"Personal'"]","['"'"]"
16dc0de2-d56f-1945-9d0f-df6239dc4b93,,2021-01-16 16:10:16,2021-01-16 16:10:16,"['"Consumer'"]",499ad3c2-97d2-441f-8d00-77acc2139c70,499ad3c2-97d2-441f-8d00-77acc2139c70,c6ece208-1f9c-443e-b36c-d7e0b7ba91a7,"['"Short Term'"]","['"'"]"
ae3e9ed5-ba92-ac47-8e2b-b9f3570f46cb,,2021-01-16 16:10:20,2021-01-16 16:10:20,"['"Consumer'"]",499ad3c2-97d2-441f-8d00-77acc2139c70,499ad3c2-97d2-441f-8d00-77acc2139c70,50bd9f21-afe3-4a8a-aeaf-03f3555263c8,"['"Personal'"]","['"'"]"
01d6174f-0339-2b47-bad7-5ee63f797e6c,,2021-01-16 16:10:22,2021-01-16 16:10:22,"['"Consumer'"]",499ad3c2-97d2-441f-8d00-77acc2139c70,499ad3c2-97d2-441f-8d00-77acc2139c70,832c4837-1508-44a9-acf0-2cf1777ade22,"['"Vehicle'"]","['"'"]"
694adf9d-4128-9846-b56a-b04258ee020f,,2021-01-16 16:10:24,2021-01-16 16:10:24,"['"Consumer'"]",499ad3c2-97d2-441f-8d00-77acc2139c70,499ad3c2-97d2-441f-8d00-77acc2139c70,2f625171-b077-424c-bb99-a57d09edb3e2,"['"Short Term'"]","['"'"]"
e44014b3-7214-d047-a09b-d3c3a621b01b,,2021-01-16 16:10:01,2021-01-16 16:10:01,"['"Consumer'"]",499ad3c2-97d2-441f-8d00-77acc2139c70,499ad3c2-97d2-441f-8d00-77acc2139c70,4fe6ec2d-c614-467e-8f9c-6cb7698e9dc7,"['"Vehicle'"]","['"'"]"
a481a9b7-19b6-6e4e-b2af-1103634b4a20,,2021-01-16 16:10:02,2021-01-16 16:10:02,"['"Consumer'"]",499ad3c2-97d2-441f-8d00-77acc2139c70,499ad3c2-97d2-441f-8d00-77acc2139c70,64e245c5-f19a-4011-87d4-6c359c79641b,"['"Vehicle'"]","['"'"]"
acc40840-bb26-1549-8948-981d0899f339,,2021-01-16 16:10:02,2021-01-16 16:10:02,"['"Consumer'"]",499ad3c2-97d2-441f-8d00-77acc2139c70,499ad3c2-97d2-441f-8d00-77acc2139c70,7c1e53ec-c59e-4a71-8518-aa6e1d1c9d79,"['"Vehicle'"]","['"'"]"
0bb6308d-e7ad-9e45-a160-1d0429610177,,2021-01-16 16:10:03,2021-01-16 16:10:03,"['"Consumer'"]",499ad3c2-97d2-441f-8d00-77acc2139c70,499ad3c2-97d2-441f-8d00-77acc2139c70,677f2160-c94c-451e-b095-34d52db08c03,"['"Vehicle'"]","['"'"]"
bfd5f506-5758-de4d-81d8-fdeb22885192,,2021-01-16 16:10:05,2021-01-16 16:10:05,"['"Consumer'"]",499ad3c2-97d2-441f-8d00-77acc2139c70,499ad3c2-97d2-441f-8d00-77acc2139c70,ab2646ee-aeae-4c3d-97f5-02727df4367c,"['"Vehicle'"]","['"'"]"
bd9f85ea-f265-9c4f-b752-d6b73a737b2c,,2021-01-16 16:10:06,2021-01-16 16:10:06,"['"Consumer'"]",499ad3c2-97d2-441f-8d00-77acc2139c70,499ad3c2-97d2-441f-8d00-77acc2139c70,9aa380c4-1fa8-44ba-be5a-2e18ccd4a8cf,"['"Vehicle'"]","['"'"]"
751b0f73-44bc-ce40-a831-319d1f7fdd91,,2021-01-16 16:10:07,2021-01-16 16:10:07,"['"Consumer'"]",499ad3c2-97d2-441f-8d00-77acc2139c70,499ad3c2-97d2-441f-8d00-77acc2139c70,9d28e029-9d82-4a20-b54b-2910aaec16bf,"['"Personal'"]","['"'"]"
96e151c5-1fde-b149-9c43-d87be721547f,,2021-01-16 16:10:07,2021-01-16 16:10:07,"['"Consumer'"]",499ad3c2-97d2-441f-8d00-77acc2139c70,499ad3c2-97d2-441f-8d00-77acc2139c70,91f10998-5f5d-4ce4-b01d-0cd99746a43c,"['"Personal'"]","['"'"]"
f625548b-76c4-9c48-9148-76401dc78696,,2021-01-16 16:10:09,2021-01-16 16:10:09,"['"Consumer'"]",499ad3c2-97d2-441f-8d00-77acc2139c70,499ad3c2-97d2-441f-8d00-77acc2139c70,49c17f8f-ed28-4a71-a64b-4a527c2e7635,"['"Personal'"]","['"'"]"
d2c09ccb-343e-9b4f-be77-63b83344b19f,,2021-01-16 16:10:10,2021-01-16 16:10:10,"['"Consumer'"]",499ad3c2-97d2-441f-8d00-77acc2139c70,499ad3c2-97d2-441f-8d00-77acc2139c70,45bb5b3a-1379-4299-9071-aaf49ef981e8,"['"Personal'"]","['"'"]"
bb3303f3-7bdb-b74c-abea-d6fb325b8912,,2021-01-16 16:10:12,2021-01-16 16:10:12,"['"Consumer'"]",499ad3c2-97d2-441f-8d00-77acc2139c70,499ad3c2-97d2-441f-8d00-77acc2139c70,96d27323-03fa-4bd1-8734-43055ac7d1c6,"['"Personal'"]","['"'"]"
ecac2766-6795-9746-af24-2cd7cd543625,,2021-01-16 16:10:12,2021-01-16 16:10:12,"['"Consumer'"]",499ad3c2-97d2-441f-8d00-77acc2139c70,499ad3c2-97d2-441f-8d00-77acc2139c70,c450d04b-efc1-4fcb-841d-c0f054658cc8,"['"Personal'"]","['"'"]"
e1d1e0f1-95da-b347-894f-8ddb6bde79fb,,2021-01-16 16:10:13,2021-01-16 16:10:13,"['"Consumer'"]",499ad3c2-97d2-441f-8d00-77acc2139c70,499ad3c2-97d2-441f-8d00-77acc2139c70,c26c9db4-5737-485a-8875-66288c3e6947,"['"Personal'", '"Short Term'"]","['"'"]"
2dd63e25-4334-2541-aa5c-4853b610d627,,2021-01-16 16:10:13,2021-01-16 16:10:13,"['"Consumer'"]",499ad3c2-97d2-441f-8d00-77acc2139c70,499ad3c2-97d2-441f-8d00-77acc2139c70,fb12299f-8b0d-460d-8405-e772fb273cf9,"['"Short Term'"]","['"'"]"
95c2867b-fc67-ff40-b672-6702223bb80b,,2021-01-16 16:10:14,2021-01-16 16:10:14,"['"Consumer'"]",499ad3c2-97d2-441f-8d00-77acc2139c70,499ad3c2-97d2-441f-8d00-77acc2139c70,91b26837-9afd-4c5f-a7e4-3c364ed7b3d2,"['"Short Term'"]","['"'"]"
585dfe60-687b-f64c-b646-b70a747f5dfd,,2021-01-16 16:10:14,2021-01-16 16:10:14,"['"Consumer'"]",499ad3c2-97d2-441f-8d00-77acc2139c70,499ad3c2-97d2-441f-8d00-77acc2139c70,70da48ae-848c-4232-a0c4-917e206f4cc8,"['"Personal'"]","['"'"]"
dd541387-54e7-9347-b7aa-d8abeb23473b,,2021-01-16 16:10:14,2021-01-16 16:10:14,"['"Consumer'"]",499ad3c2-97d2-441f-8d00-77acc2139c70,499ad3c2-97d2-441f-8d00-77acc2139c70,c67aafdb-8e8a-4eca-9a20-d35fb0b31044,"['"Personal'"]","['"'"]"
f9743b46-f646-e24a-89f2-b945d50b58a9,,2021-01-16 16:10:15,2021-01-16 16:10:15,"['"Consumer'"]",499ad3c2-97d2-441f-8d00-77acc2139c70,499ad3c2-97d2-441f-8d00-77acc2139c70,a4ae282a-8daf-4c1f-ad62-7758862560f9,"['"Personal'", '"Mortgage'"]","['"'"]"
ce11d18c-795f-884b-85f8-584325de84b1,,2021-01-16 16:10:16,2021-01-16 16:10:16,"['"Consumer'"]",499ad3c2-97d2-441f-8d00-77acc2139c70,499ad3c2-97d2-441f-8d00-77acc2139c70,d2f9f89a-3f13-4ea1-8581-39c708137421,"['"Short Term'"]","['"'"]"
decba3da-ea9f-2c47-92c9-2d8ed67b964e,,2021-01-16 16:10:17,2021-01-16 16:10:17,"['"Consumer'"]",499ad3c2-97d2-441f-8d00-77acc2139c70,499ad3c2-97d2-441f-8d00-77acc2139c70,0fe2ec72-0738-4901-9c02-c3326bb119ab,"['"Short Term'"]","['"'"]"
18bd8ce7-3f92-7649-9596-c7c8c94e621c,,2021-01-16 16:10:17,2021-01-16 16:10:17,"['"Consumer'"]",499ad3c2-97d2-441f-8d00-77acc2139c70,499ad3c2-97d2-441f-8d00-77acc2139c70,29b73ae6-8c41-4820-8389-5b44175ae511,"['"Short Term'"]","['"'"]"
de4043c7-55f7-d64b-b3c5-1f03d6c1fdd7,,2021-01-16 16:10:17,2021-01-16 16:10:17,"['"Consumer'"]",499ad3c2-97d2-441f-8d00-77acc2139c70,499ad3c2-97d2-441f-8d00-77acc2139c70,6f7afa0c-fafc-400f-8471-de61b9cac28b,"['"Short Term'"]","['"'"]"
6daa05e7-4d37-1246-a243-f68b40b331f5,,2021-01-16 16:10:18,2021-01-16 16:10:18,"['"Consumer'"]",499ad3c2-97d2-441f-8d00-77acc2139c70,499ad3c2-97d2-441f-8d00-77acc2139c70,0f6c7840-4ae9-45dc-87e8-5a5983b9acda,"['"Personal'"]","['"'"]"
8a850f79-29c3-b841-8630-6b245efb022e,,2021-01-16 16:10:18,2021-01-16 16:10:18,"['"Consumer'"]",499ad3c2-97d2-441f-8d00-77acc2139c70,499ad3c2-97d2-441f-8d00-77acc2139c70,2f019cca-184b-4ac1-9a28-da00091b72b5,"['"Personal'"]","['"'"]"
d3892584-c0b0-e24f-a101-6fd152bbab87,,2021-01-16 16:10:19,2021-01-16 16:10:19,"['"Consumer'"]",499ad3c2-97d2-441f-8d00-77acc2139c70,499ad3c2-97d2-441f-8d00-77acc2139c70,2f7abb41-96dc-439b-9e19-4f11a4bd2967,"['"Short Term'"]","['"'"]"
e0c81290-ac85-db4c-9c5f-6e826a126ae6,,2021-01-16 16:10:19,2021-01-16 16:10:19,"['"Consumer'"]",499ad3c2-97d2-441f-8d00-77acc2139c70,499ad3c2-97d2-441f-8d00-77acc2139c70,bc3c54c6-8ddb-4a17-8dd6-ae1a107bd90b,"['"Personal'", '"Short Term'"]","['"'"]"
7cb56fb6-48e1-4b43-b8ef-dd9806d6f2a4,,2021-01-16 16:10:19,2021-01-16 16:10:19,"['"Consumer'"]",499ad3c2-97d2-441f-8d00-77acc2139c70,499ad3c2-97d2-441f-8d00-77acc2139c70,f3331a68-ef6c-46b7-9012-34cbc375d351,"['"Personal'"]","['"'"]"
2edd87b1-a060-574e-9c0a-f1faa32fd719,,2021-01-16 16:10:20,2021-01-16 16:10:20,"['"Consumer'"]",499ad3c2-97d2-441f-8d00-77acc2139c70,499ad3c2-97d2-441f-8d00-77acc2139c70,b43fa361-c370-4c76-9fda-71fef7552809,"['"Short Term'"]","['"'"]"
6cb07919-a6e3-a54e-a3c5-11c6e132d015,,2021-01-16 16:10:21,2021-01-16 16:10:21,"['"Consumer'"]",499ad3c2-97d2-441f-8d00-77acc2139c70,499ad3c2-97d2-441f-8d00-77acc2139c70,d0a24109-3ceb-46ed-b517-4e6798973e6d,"['"Personal'"]","['"'"]"
024c1ab4-becf-0846-8264-e4c625d2512d,,2021-01-16 16:10:21,2021-01-16 16:10:21,"['"Consumer'"]",499ad3c2-97d2-441f-8d00-77acc2139c70,499ad3c2-97d2-441f-8d00-77acc2139c70,ac441172-213a-40e5-bde3-537cb971a70c,"['"Personal'"]","['"'"]"
f1388dab-37f7-784d-b417-01f747da0047,,2021-01-16 16:10:21,2021-01-16 16:10:21,"['"Consumer'"]",499ad3c2-97d2-441f-8d00-77acc2139c70,499ad3c2-97d2-441f-8d00-77acc2139c70,76134bc1-3fec-4d59-a36c-0a562e72424b,"['"Personal'"]","['"'"]"
4324a072-753b-bd49-85d6-6b948d0e5887,,2021-01-16 16:10:23,2021-01-16 16:10:23,"['"Consumer'"]",499ad3c2-97d2-441f-8d00-77acc2139c70,499ad3c2-97d2-441f-8d00-77acc2139c70,d3dce7fb-4085-4537-a35e-cf815c2e93c3,"['"Personal'"]","['"'"]"
5a99bbdf-684e-fe4f-8e7e-701f3fc59e05,,2021-01-16 16:10:26,2021-01-16 16:10:26,"['"Consumer'"]",499ad3c2-97d2-441f-8d00-77acc2139c70,499ad3c2-97d2-441f-8d00-77acc2139c70,46edfc6c-529a-40ea-9a97-b827b15bf96b,"['"Short Term'"]","['"'"]"
bbb75daf-6e30-4e4c-a0dc-e4c8ce087b0a,,2021-01-16 16:10:27,2021-01-16 16:10:27,"['"Consumer'"]",499ad3c2-97d2-441f-8d00-77acc2139c70,499ad3c2-97d2-441f-8d00-77acc2139c70,ea868ee8-0d81-426b-9ea9-7031f8b320f5,"['"Short Term'"]","['"'"]"
446f1428-0640-4d1f-bf9c-b754f2217862,,2021-01-16 16:10:31,2021-01-16 16:10:31,"['"Consumer'"]",499ad3c2-97d2-441f-8d00-77acc2139c70,499ad3c2-97d2-441f-8d00-77acc2139c70,249591c2-a046-4c10-a71d-f5b6d4b5540f,"['"Personal'"]","['"'"]"
e458178c-941c-4371-96d2-64f2f84df499,,2021-01-16 16:10:33,2021-01-16 16:10:33,"['"Consumer'"]",499ad3c2-97d2-441f-8d00-77acc2139c70,499ad3c2-97d2-441f-8d00-77acc2139c70,d352bc76-bbc6-43ea-bf97-1a5010fbea5f,"['"Short Term'"]","['"'"]"
b6516522-4d73-46c4-92fc-c45715ad407c,,2021-01-16 16:10:34,2021-01-16 16:10:34,"['"'"]",499ad3c2-97d2-441f-8d00-77acc2139c70,499ad3c2-97d2-441f-8d00-77acc2139c70,62fdb8ed-899e-4293-a4a1-9c9d4c8000d8,"['"'"]","['"'"]"
0a020d8c-44c8-42e2-9992-d51ff40b9c30,,2021-01-16 16:10:36,2021-01-16 16:10:36,"['"'"]",499ad3c2-97d2-441f-8d00-77acc2139c70,499ad3c2-97d2-441f-8d00-77acc2139c70,fa6142c6-dfee-42be-9b50-e94d8b4976df,"['"'"]","['"'"]"
cc99e0c9-268d-44e2-ab72-59884c656c46,,2021-01-16 16:10:37,2021-01-16 16:10:37,"['"'"]",499ad3c2-97d2-441f-8d00-77acc2139c70,499ad3c2-97d2-441f-8d00-77acc2139c70,13941118-06b9-4b5c-8382-6ce919be6fc0,"['"'"]","['"'"]"
50608a60-3222-4090-92c5-6ae57a9f2640,,2021-01-16 16:10:37,2021-01-16 16:10:37,"['"'"]",499ad3c2-97d2-441f-8d00-77acc2139c70,499ad3c2-97d2-441f-8d00-77acc2139c70,b6c31622-bb26-40c5-8048-743348e61394,"['"'"]","['"'"]"
52afa38c-28fd-482e-a42f-6e269147425b,,2021-01-16 16:10:38,2021-01-16 16:10:38,"['"'"]",499ad3c2-97d2-441f-8d00-77acc2139c70,499ad3c2-97d2-441f-8d00-77acc2139c70,2a06ba6a-bb22-46f3-88f3-f411a340adc5,"['"'"]","['"'"]"
86267e8b-d364-4107-b92c-a484151bcfd3,,2021-01-16 16:10:38,2021-01-16 16:10:38,"['"'"]",499ad3c2-97d2-441f-8d00-77acc2139c70,499ad3c2-97d2-441f-8d00-77acc2139c70,804dce84-bbcc-4236-b1d5-38bac1fdf669,"['"'"]","['"'"]"
d70d9544-f4a0-405e-83ef-0b99a8051ce9,,2021-01-16 16:10:39,2021-01-16 16:10:39,"['"'"]",499ad3c2-97d2-441f-8d00-77acc2139c70,499ad3c2-97d2-441f-8d00-77acc2139c70,e487f581-2d04-4849-8e5d-f497c98db6e2,"['"'"]","['"'"]"
c6317745-e47f-47b9-ad69-b26f92450dd2,,2021-01-16 16:10:40,2021-01-16 16:10:40,"['"'"]",499ad3c2-97d2-441f-8d00-77acc2139c70,499ad3c2-97d2-441f-8d00-77acc2139c70,a2be7bb4-e6df-4460-baf9-46e278096f30,"['"'"]","['"'"]"
468cd65f-31e0-4147-8e76-01bd91379737,,2021-01-16 16:08:13,2021-01-16 16:08:13,"['"Business'"]",499ad3c2-97d2-441f-8d00-77acc2139c70,499ad3c2-97d2-441f-8d00-77acc2139c70,cc0ce1ff-f969-4d0e-a254-e72e3eb52046,"['"'"]","['"Business'"]"
7bf54423-48a7-fe48-8ac6-22ca3d9f3606,,2021-01-16 16:08:39,2021-01-16 16:08:39,"['"Business'"]",499ad3c2-97d2-441f-8d00-77acc2139c70,499ad3c2-97d2-441f-8d00-77acc2139c70,f36c5628-c1c6-4090-8eb3-086a70fe110f,"['"'"]","['"Real Estate'"]"
802f135e-5932-5548-87e8-66cd10ca570a,,2021-01-16 16:09:07,2021-01-16 16:09:07,"['"Business'"]",499ad3c2-97d2-441f-8d00-77acc2139c70,499ad3c2-97d2-441f-8d00-77acc2139c70,c380e9c4-0cdc-4a82-a832-07567975c2a2,"['"'"]","['"Invoice Trading'"]"
83ba950f-ca61-47e1-ad4a-64efb324324d,,2021-01-16 16:10:41,2021-01-16 16:10:41,"['"Business'"]",499ad3c2-97d2-441f-8d00-77acc2139c70,499ad3c2-97d2-441f-8d00-77acc2139c70,352b9729-f138-4f79-bcc5-89db551b783f,"['"'"]","['"Business'"]"
620ad24a-b2bc-446f-b3b9-a3ef69c69c87,,2021-01-16 16:10:35,2021-01-16 16:10:35,"['"Business'"]",499ad3c2-97d2-441f-8d00-77acc2139c70,499ad3c2-97d2-441f-8d00-77acc2139c70,5131cacc-d281-4f79-99ab-e5531e91abd6,"['"'"]","['"Real Estate'"]"
e2c7a613-1e11-416c-996e-77236d882662,,2021-01-16 16:10:36,2021-01-16 16:10:36,"['"Business'"]",499ad3c2-97d2-441f-8d00-77acc2139c70,499ad3c2-97d2-441f-8d00-77acc2139c70,08a1a3e4-f0f4-4658-b6ea-b718973e5726,"['"'"]","['"Business'", '"Bridge'"]"
40fee1c2-c325-400f-bffe-46605ec448d9,,2021-01-16 16:10:37,2021-01-16 16:10:37,"['"Business'"]",499ad3c2-97d2-441f-8d00-77acc2139c70,499ad3c2-97d2-441f-8d00-77acc2139c70,6728431e-2713-43d5-aad1-3c5a4520d783,"['"'"]","['"Business'"]"
544aafed-c6e3-4595-a52b-ea1e73bd8a9a,,2021-01-16 16:10:40,2021-01-16 16:10:40,"['"Business'"]",499ad3c2-97d2-441f-8d00-77acc2139c70,499ad3c2-97d2-441f-8d00-77acc2139c70,f8d9f401-75f3-416c-b8b0-db780865d49f,"['"'"]","['"Agricultural'", '"Business'"]"
ab9bacb8-4006-4cd8-b46e-aac0c662bcbd,,2021-01-16 16:10:41,2021-01-16 16:10:41,"['"Business'"]",499ad3c2-97d2-441f-8d00-77acc2139c70,499ad3c2-97d2-441f-8d00-77acc2139c70,20898891-d59a-4783-aa48-4106f4245f3f,"['"'"]","['"Invoice Trading'"]"
c94b0dc3-faf8-48d3-b8c4-ec69707b4d40,,2021-01-16 16:10:42,2021-01-16 16:10:42,"['"Business'"]",499ad3c2-97d2-441f-8d00-77acc2139c70,499ad3c2-97d2-441f-8d00-77acc2139c70,ee6c4e6a-58ff-4e3e-870c-a7008a4fa15c,"['"'"]","['"Business'"]"
8709da18-bac9-4f89-96bc-657ca6a3f3a6,,2021-01-16 16:10:44,2021-01-16 16:10:44,"['"Business'"]",499ad3c2-97d2-441f-8d00-77acc2139c70,499ad3c2-97d2-441f-8d00-77acc2139c70,ef53a1ee-ed32-4879-a21f-4b3c63292817,"['"'"]","['"Business'", '"Agricultural'"]"
9d17a6d4-bfe5-474b-bbb0-2fa207176b0a,,2021-01-16 16:10:45,2021-01-16 16:10:45,"['"Consumer'"]",499ad3c2-97d2-441f-8d00-77acc2139c70,499ad3c2-97d2-441f-8d00-77acc2139c70,c4f7ab21-e123-4011-9edb-ccfad0445bc1,"['"Short Term'"]","['"'"]"
0dc856bd-dd88-0e44-8ac9-7d7581e8c19c,,2021-01-16 16:08:05,2021-01-16 16:08:05,"['"Consumer'", '"Business'"]",499ad3c2-97d2-441f-8d00-77acc2139c70,499ad3c2-97d2-441f-8d00-77acc2139c70,15145a27-a53d-434e-b3f1-1a02c79a9a38,"['"Personal'", '"Short Term'", '"Mortgage'"]","['"Business'"]"
ca733f51-ff0c-ff4e-a448-302c2955bab8,,2021-01-16 16:08:20,2021-01-16 16:08:20,"['"Consumer'", '"Business'"]",499ad3c2-97d2-441f-8d00-77acc2139c70,499ad3c2-97d2-441f-8d00-77acc2139c70,a1c4df4b-8051-46c2-8237-8914d3141d49,"['"Personal'", '"Consolidation'"]","['"Consolidation'", '"Business'"]"
5175be65-f58d-fc4c-9666-9be17a22f3fd,,2021-01-16 16:09:42,2021-01-16 16:09:42,"['"Consumer'", '"Business'"]",499ad3c2-97d2-441f-8d00-77acc2139c70,499ad3c2-97d2-441f-8d00-77acc2139c70,be487b25-622e-4994-8823-800d3c40e7df,"['"Vehicle'"]","['"Business'", '"Invoice Trading'"]"
ed21d7dd-f450-40ee-bc71-8d6a10981692,,2021-01-16 16:10:29,2021-01-16 16:10:29,"['"Consumer'", '"Business'"]",499ad3c2-97d2-441f-8d00-77acc2139c70,499ad3c2-97d2-441f-8d00-77acc2139c70,ba40f20b-6430-4b62-a53f-1a2c1a340290,"['"Personal'"]","['"Business'", '"Real Estate'"]"
c625fa21-bfbb-49bf-882d-8a99213c254e,,2021-01-16 16:10:35,2021-01-16 16:10:35,"['"Consumer'"]",499ad3c2-97d2-441f-8d00-77acc2139c70,499ad3c2-97d2-441f-8d00-77acc2139c70,843e6054-6590-4621-9a04-0fbf541a7a75,"['"Mortgage'"]","['"'"]"
9a867442-adc9-41a7-801f-cce1348fc091,,2021-01-16 16:10:39,2021-01-16 16:10:39,"['"Consumer'"]",499ad3c2-97d2-441f-8d00-77acc2139c70,499ad3c2-97d2-441f-8d00-77acc2139c70,c8539be3-50be-4e71-ad5a-a5c2e9a29644,"['"Short Term'"]","['"'"]"
18ce7662-05d0-4625-be56-033d981652e0,,2021-01-16 16:10:43,2021-01-16 16:10:43,"['"Consumer'"]",499ad3c2-97d2-441f-8d00-77acc2139c70,499ad3c2-97d2-441f-8d00-77acc2139c70,6ee30058-722a-4f70-88fe-f28a1ba3d3d4,"['"Short Term'"]","['"'"]"
59df8e26-8ad1-4321-b810-515b308d5a6b,,2021-01-16 16:10:46,2021-01-16 16:10:46,"['"Consumer'"]",499ad3c2-97d2-441f-8d00-77acc2139c70,499ad3c2-97d2-441f-8d00-77acc2139c70,7be3b48e-f49d-4c1d-8775-0c9d98546da5,"['"Personal'"]","['"'"]"
3af72d0b-9eda-ee49-a440-6645d3d28f19,,2021-01-16 16:08:40,2021-01-16 16:08:40,"['"Consumer'", '"Business'"]",499ad3c2-97d2-441f-8d00-77acc2139c70,499ad3c2-97d2-441f-8d00-77acc2139c70,fc665671-e314-4c06-8ede-f03227784a3c,"['"Personal'", '"Vehicle'", '"Mortgage'"]","['"Real Estate'", '"Mortgage'", '"Invoice Trading'"]"
285663b8-294f-0e46-a5c1-1d6ec446ad54,,2021-01-16 16:09:14,2021-01-16 16:09:14,"['"Consumer'"]",499ad3c2-97d2-441f-8d00-77acc2139c70,499ad3c2-97d2-441f-8d00-77acc2139c70,7405229e-b042-441a-b6a3-ec61772eaa55,"['"Short Term'"]","['"'"]"
fcebef8f-9310-42fc-972f-61e96c6bda12,,2021-01-16 16:10:33,2021-01-16 16:10:33,"['"Consumer'"]",499ad3c2-97d2-441f-8d00-77acc2139c70,499ad3c2-97d2-441f-8d00-77acc2139c70,b5d17ea1-b3c3-4904-8d4d-e73a93aedd3d,"['"Personal'"]","['"'"]"
5accd789-b30f-4103-93cb-556bada5dfbe,,2021-01-16 16:10:33,2021-01-16 16:10:33,"['"Consumer'"]",499ad3c2-97d2-441f-8d00-77acc2139c70,499ad3c2-97d2-441f-8d00-77acc2139c70,7835d79c-74c8-46b3-a33a-ef68e96a5d6a,"['"Personal'", '"Short Term'"]","['"'"]"
6d19603a-cd58-4ff7-8cc1-0d19da973b21,,2021-01-16 16:10:34,2021-01-16 16:10:34,"['"Consumer'"]",499ad3c2-97d2-441f-8d00-77acc2139c70,499ad3c2-97d2-441f-8d00-77acc2139c70,0b3e2223-2951-4cf4-8c73-d289fcdf6062,"['"Pawnbroking'"]","['"'"]"
4d2c77c8-9000-450d-8fda-727e3a1efffb,,2021-01-16 16:10:35,2021-01-16 16:10:35,"['"Consumer'"]",499ad3c2-97d2-441f-8d00-77acc2139c70,499ad3c2-97d2-441f-8d00-77acc2139c70,a1ac3fa0-45d4-4148-9ea3-7643b155fcc3,"['"Personal'", '"Short Term'"]","['"'"]"
a2f7ac65-8bd3-40ab-b8bd-c2d924387821,,2021-01-16 16:10:41,2021-01-16 16:10:41,"['"Consumer'", '"Business'"]",499ad3c2-97d2-441f-8d00-77acc2139c70,499ad3c2-97d2-441f-8d00-77acc2139c70,74411fc4-1563-40f6-ba61-1ee485682b94,"['"Personal'"]","['"Business'", '"Bridge'"]"
