647af94a-5f45-4504-a968-c86c991b6ab5,e77f0e5a-b0a8-427d-a2d2-9a381b894342
ddf08859-606e-472d-a581-b98f114941c5,e77f0e5a-b0a8-427d-a2d2-9a381b894342
547534e1-ac79-457f-86ad-e7547253a04a,e77f0e5a-b0a8-427d-a2d2-9a381b894342
90b3a653-b9e8-4da3-a835-4618c2eb8ff5,e77f0e5a-b0a8-427d-a2d2-9a381b894342
c0edf913-4cb1-429c-94b7-06ffa7496fcb,e77f0e5a-b0a8-427d-a2d2-9a381b894342
17e8bdfd-c3f7-4139-8473-417d0ebec545,e77f0e5a-b0a8-427d-a2d2-9a381b894342
10c3b060-8cb7-4bab-a624-5058da2e63d5,e77f0e5a-b0a8-427d-a2d2-9a381b894342
499ad3c2-97d2-441f-8d00-77acc2139c70,e77f0e5a-b0a8-427d-a2d2-9a381b894340
99bab9b1-793a-45e8-92dc-510b100bc369,e77f0e5a-b0a8-427d-a2d2-9a381b894342
72023149-d18e-4c4a-9f1a-96698dd165e4,e77f0e5a-b0a8-427d-a2d2-9a381b894342
8941fee6-9447-4f7f-9349-e5919a10c2f3,e77f0e5a-b0a8-427d-a2d2-9a381b894342
03046a9d-76eb-42e0-89e4-d46452e1bce0,e77f0e5a-b0a8-427d-a2d2-9a381b894342
2bba066a-0f3a-4c5e-9649-0fdc0eb76d00,e77f0e5a-b0a8-427d-a2d2-9a381b894342
c01b83a6-df93-416a-bdfd-9707be08d8c5,e77f0e5a-b0a8-427d-a2d2-9a381b894342
6dede978-9b48-45fe-a726-cf91f67f28bf,e77f0e5a-b0a8-427d-a2d2-9a381b894342
f570228b-d850-4e72-9baa-4b0030bbfb6c,e77f0e5a-b0a8-427d-a2d2-9a381b894342
e58ce318-1a87-4891-98b1-e6032207cf52,e77f0e5a-b0a8-427d-a2d2-9a381b894342
